id,project number,task number,expenditure type,class category,class code,budget authority,commitments,obligations,non labor expenditures,labor expenditures,total expenditures,funds used,funds available,actual funds used,predicted funds used,residual
1,NDU_CIVPAY_COS_26,0100D_0804798JCA_26,111.1-Labor-Regular,,,0.0,0.0,0.0,0.0,33411.44,33411.44,33411.44,-33411.44,0.019114832981882907,0.01944923920422881,-0.0003344062223459045
2,,,111.7-Holiday Taken,,,0.0,0.0,0.0,0.0,2615.04,2615.04,2615.04,-2615.04,0.013523945716384933,0.013531795319597742,-7.849603212808573e-06
3,,,113.1-Labor-Regular,,,0.0,0.0,0.0,0.0,15713.04,15713.04,15713.04,-15713.04,0.01590180291409286,0.015834597235562187,6.720567853067336e-05
4,,,113.7-Holiday Taken,,,0.0,0.0,0.0,0.0,1496.48,1496.48,1496.48,-1496.48,0.013320878381901182,0.013322315329506958,-1.4369476057755903e-06
5,,,121.4-Medicare,,,0.0,0.0,0.0,0.0,705.32,705.32,705.32,-705.32,0.013177248400183469,0.013176362417114965,8.859830685041536e-07
6,,,121.5-TSP,,,0.0,0.0,0.0,0.0,2447.88,2447.88,2447.88,-2447.88,0.01349359889937708,0.013503705032726972,-1.0106133349891203e-05
7,,,121.6-FERS,,,0.0,0.0,0.0,0.0,8375.05,8375.05,8375.05,-8375.05,0.014569638282988203,0.01458520071653489,-1.5562433546686613e-05
8,,,121.7-FEGLI,,,0.0,0.0,0.0,0.0,68.08,68.08,68.08,-68.08,0.013061561599094187,0.013059430530920067,2.1310681741198295e-06
9,,,121.A-OASDI Employer Contrib,,,0.0,0.0,0.0,0.0,2948.37,2948.37,2948.37,-2948.37,0.013584459622302782,0.013599316787306805,-1.4857165004022663e-05
10,,,,,,157466.1,0.0,0.0,0.0,0.0,0.0,0.0,157466.1,0.013049202115354689,0.013347432847188782,-0.00029823073183409335
11,NDU_CIVPAY_COS_26 Total,,,,,157466.1,0.0,0.0,0.0,67780.7,67780.7,67780.7,89685.4,0.02535434987537009,0.027487409595912005,-0.002133059720541914
12,NDU_CIVPAY_PROC_26,0100D_0804750JCA_26,111.1-Labor-Regular,,,0.0,0.0,0.0,0.0,30406.7,30406.7,30406.7,-30406.7,0.018569341865968952,0.01894377820681356,-0.0003744363408446083
13,,,111.2-Annual Leave Taken,,,0.0,0.0,0.0,0.0,-8708.0,-8708.0,-8708.0,8708.0,0.011468321028345937,0.01171004232970972,-0.00024172130136378318
14,,,111.7-Holiday Taken,,,0.0,0.0,0.0,0.0,1244.0,1244.0,1244.0,-1244.0,0.013275042270641654,0.013288073078804615,-1.3030808162960844e-05
15,,,121.1-Prepd FEHB,,,0.0,0.0,0.0,0.0,-307.28,-307.28,-307.28,307.28,0.01299341741847641,0.012958763287664871,3.4654130811538966e-05
16,,,121.3-FEHB,,,0.0,0.0,0.0,0.0,1735.74,1735.74,1735.74,-1735.74,0.013364314487651952,0.013364683070151762,-3.685824998093945e-07
17,,,121.4-Medicare,,,0.0,0.0,0.0,0.0,290.93,290.93,290.93,-290.93,0.013102018575465328,0.013093824648646777,8.193926818550815e-06
18,,,121.5-TSP,,,0.0,0.0,0.0,0.0,1043.49,1043.49,1043.49,-1043.49,0.013238640976801951,0.013239228001416352,-5.870246144006053e-07
19,,,121.6-FERS,,,0.0,0.0,0.0,0.0,3443.58,3443.58,3443.58,-3443.58,0.013674361795373246,0.013689460680292769,-1.5098884919522923e-05
20,,,121.7-FEGLI,,,0.0,0.0,0.0,0.0,42.24,42.24,42.24,-42.24,0.013056870514196586,0.013060266958866957,-3.3964446703709655e-06
21,,,121.A-OASDI Employer Contrib,,,0.0,0.0,0.0,0.0,1244.0,1244.0,1244.0,-1244.0,0.013275042270641654,0.013288073078804615,-1.3030808162960844e-05
22,,,,,,167319.27,0.0,0.0,0.0,0.0,0.0,0.0,167319.27,0.013049202115354689,0.0133525323351418,-0.00030333021978711135
23,,0100D_0804798JCA_26,111.1-Labor-Regular,,,0.0,0.0,0.0,0.0,18024.0,18024.0,18024.0,-18024.0,0.01632134275755103,0.016252060904843477,6.928185270755477e-05
24,,,111.2-Annual Leave Taken,,,0.0,0.0,0.0,0.0,-5257.0,-5257.0,-5257.0,5257.0,0.012094827761380756,0.013421532994055432,-0.0013267052326746756
25,,,111.7-Holiday Taken,,,0.0,0.0,0.0,0.0,751.0,751.0,751.0,-751.0,0.013185541308779537,0.01318775961900711,-2.218310227572809e-06
26,,,121.1-Prepd FEHB,,,0.0,0.0,0.0,0.0,-204.37,-204.37,-204.37,204.37,0.013012100063476877,0.012981968259749808,3.0131803727068487e-05
27,,,121.3-FEHB,,,0.0,0.0,0.0,0.0,1430.59,1430.59,1430.59,-1430.59,0.013308916478499366,0.013311846670787815,-2.930192288448999e-06
28,,,121.4-Medicare,,,0.0,0.0,0.0,0.0,172.05,172.05,172.05,-172.05,0.013080436680239836,0.01308192086544897,-1.4841852091340008e-06
29,,,121.5-TSP,,,0.0,0.0,0.0,0.0,619.58,619.58,619.58,-619.58,0.013161682857647855,0.013168463864200048,-6.781006552193658e-06
30,,,121.6-FERS,,,0.0,0.0,0.0,0.0,2044.6,2044.6,2044.6,-2044.6,0.013420386023312669,0.013414796095225745,5.5899280869235735e-06
31,,,121.7-FEGLI,,,0.0,0.0,0.0,0.0,25.44,25.44,25.44,-25.44,0.013053820582839014,0.013057274390795395,-3.4538079563811025e-06
32,,,121.A-OASDI Employer Contrib,,,0.0,0.0,0.0,0.0,735.67,735.67,735.67,-735.67,0.01318275824641575,0.013183173335798088,-4.150893823384738e-07
33,,,,,,52488.7,0.0,0.0,0.0,0.0,0.0,0.0,52488.7,0.013049202115354689,0.013347878258498584,-0.0002986761431438955
34,NDU_CIVPAY_PROC_26 Total,,,,,219807.97,0.0,0.0,0.0,48776.96,48776.96,48776.96,171031.01,0.021904343771967278,0.02146666612107963,0.00043767765088764676
35,NDU_CIVPAY_RMD_26,0100D_0804750JCA_26,111.1-Labor-Regular,,,0.0,0.0,0.0,0.0,150333.71,150333.71,150333.71,-150333.71,0.04034131498614689,0.042243591718314565,-0.001902276732167675
36,,,111.2-Annual Leave Taken,,,0.0,0.0,0.0,0.0,-42250.9,-42250.9,-42250.9,42250.9,0.00537882444894471,0.005875100476788836,-0.0004962760278441258
37,,,111.3-Sick Leave Taken,,,0.0,0.0,0.0,0.0,768.47,768.47,768.47,-768.47,0.013188712874304346,0.013194152838379252,-5.439964074906156e-06
38,,,111.7-Holiday Taken,,,0.0,0.0,0.0,0.0,5357.84,5357.84,5357.84,-5357.84,0.014021883319215389,0.014061463112136097,-3.9579792920707915e-05
39,,,111.A-Comp Time Taken,,,0.0,0.0,0.0,0.0,-527.02,-527.02,-527.02,527.02,0.012953525042493487,0.01290754759702019,4.597744547329627e-05
40,,,121.1-Prepd FEHB,,,0.0,0.0,0.0,0.0,-664.43,-664.43,-664.43,664.43,0.012928579145598001,0.01280765634487563,0.00012092280072237109
41,,,121.3-FEHB,,,0.0,0.0,0.0,0.0,3734.27,3734.27,3734.27,-3734.27,0.01372713468503592,0.013747548667138638,-2.0413982102717235e-05
42,,,121.4-Medicare,,,0.0,0.0,0.0,0.0,1473.13,1473.13,1473.13,-1473.13,0.013316639340401221,0.013318285854899923,-1.6465144987015679e-06
43,,,121.5-TSP,,,0.0,0.0,0.0,0.0,5172.92,5172.92,5172.92,-5172.92,0.013988312289058101,0.014036071792000806,-4.775950294270449e-05
44,,,121.6-FERS,,,0.0,0.0,0.0,0.0,17820.76,17820.76,17820.76,-17820.76,0.016284445849865724,0.01622962739860052,5.4818451265203905e-05
45,,,121.7-FEGLI,,,0.0,0.0,0.0,0.0,210.0,210.0,210.0,-210.0,0.013087326257324353,0.01308762315944666,-2.9690212230773505e-07
46,,,121.A-OASDI Employer Contrib,,,0.0,0.0,0.0,0.0,6298.77,6298.77,6298.77,-6298.77,0.0141927030758988,0.014213421988230382,-2.071891233158124e-05
47,,,,,,534740.16,0.0,0.0,0.0,0.0,0.0,0.0,534740.16,0.013049202115354689,0.01828713379128633,-0.00523793167593164
48,,0100D_0804798JCA_26,111.1-Labor-Regular,,,0.0,0.0,0.0,0.0,66186.05,66186.05,66186.05,-66186.05,0.025064851480170448,0.027893649684199023,-0.0028287982040285757
49,,,111.2-Annual Leave Taken,,,0.0,0.0,0.0,0.0,-13447.83,-13447.83,-13447.83,13447.83,0.010607835543431296,0.010800912814107428,-0.00019307727067613238
50,,,111.3-Sick Leave Taken,,,0.0,0.0,0.0,0.0,317.47,317.47,317.47,-317.47,0.013106836740836162,0.01309783108518952,9.00565564664231e-06
51,,,111.7-Holiday Taken,,,0.0,0.0,0.0,0.0,3240.38,3240.38,3240.38,-3240.38,0.013637472149429265,0.0136515225462089,-1.4050396779635016e-05
52,,,111.8-Other Leave Taken,,,0.0,0.0,0.0,0.0,955.2,955.2,955.2,-955.2,0.013222612498256705,0.01321947523705883,3.137261197874372e-06
53,,,121.1-Prepd FEHB,,,0.0,0.0,0.0,0.0,-755.36,-755.36,-755.36,755.36,0.012912071392125137,0.012733542123380924,0.00017852926874421284
54,,,121.3-FEHB,,,0.0,0.0,0.0,0.0,4795.76,4795.76,4795.76,-4795.76,0.013919841330080583,0.013971819155392053,-5.197782531147013e-05
55,,,121.4-Medicare,,,0.0,0.0,0.0,0.0,705.45,705.45,705.45,-705.45,0.013177272000842783,0.013176611798798244,6.602020445386353e-07
56,,,121.5-TSP,,,0.0,0.0,0.0,0.0,2064.59,2064.59,2064.59,-2064.59,0.013424015078541116,0.013420469086288946,3.5459922521699494e-06
57,,,121.6-FERS,,,0.0,0.0,0.0,0.0,9286.52,9286.52,9286.52,-9286.52,0.014735109767183872,0.01471416719042852,2.09425767553513e-05
58,,,121.7-FEGLI,,,0.0,0.0,0.0,0.0,100.16,100.16,100.16,-100.16,0.013067385515638887,0.013396776839089774,-0.00032939132345088766
59,,,121.A-OASDI Employer Contrib,,,0.0,0.0,0.0,0.0,3016.49,3016.49,3016.49,-3016.49,0.013596826367783608,0.013900897338954256,-0.0003040709711706474
60,,,,,,314932.2,0.0,0.0,0.0,0.0,0.0,0.0,314932.2,0.013049202115354689,0.02261182690762479,-0.0095626247922701
61,NDU_CIVPAY_RMD_26 Total,,,,,849672.36,0.0,0.0,0.0,224192.4,224192.4,224192.4,625479.96,0.05374988252544896,0.07081943265093808,-0.017069550125489122
62,NDU_COS_26,0100D_COS_FRONT_OFFICE_26,251.10 Management Prof Srvc,,,0.0,104285.15,0.0,0.0,0.0,0.0,104285.15,-104285.15,0.03198149670548684,0.03525148520390652,-0.003269988498419682
63,,,,,,110000.0,0.0,0.0,0.0,0.0,0.0,0.0,110000.0,0.013049202115354689,0.014191591762854911,-0.0011423896475002224
64,NDU_COS_26 Total,,,,,110000.0,104285.15,0.0,0.0,0.0,0.0,104285.15,5714.85,0.03198149670548684,0.020420454462000515,0.011561042243486325
65,NDU_NDUP_26,0100D_OPS_26,210.00 Trvl & Trans of Persons,,,0.0,0.0,615.54,0.0,0.0,0.0,615.54,-615.54,0.01316094942177377,0.01599623355967453,-0.0028352841379007607
66,,,,,,25000.0,0.0,0.0,0.0,0.0,0.0,0.0,25000.0,0.013049202115354689,0.015236444911329456,-0.0021872427959747677
67,NDU_NDUP_26 Total,,,,,25000.0,0.0,615.54,0.0,0.0,0.0,615.54,24384.46,0.01316094942177377,0.016350273318811278,-0.0031893238970375076
68,NDU_ORF_26,0100D_ORF_26,,,,25000.01,0.0,0.0,0.0,0.0,0.0,0.0,25000.01,0.013049202115354689,0.016801574205144235,-0.003752372089789546
69,NDU_ORF_26 Total,,,,,25000.01,0.0,0.0,0.0,0.0,0.0,0.0,25000.01,0.013049202115354689,0.017570341131521065,-0.004521139016166376
70,NDU_PROC_26,0100D_OPS_26,251.10 Management Prof Srvc,,,0.0,225000.0,0.0,0.0,0.0,0.0,225000.0,-225000.0,0.0538964970828523,0.05942172742987117,-0.005525230347018864
71,,,,,,230000.0,0.0,0.0,0.0,0.0,0.0,0.0,230000.0,0.013049202115354689,0.018939154759821972,-0.005889952644467284
72,NDU_PROC_26 Total,,,,,230000.0,225000.0,0.0,0.0,0.0,0.0,225000.0,5000.0,0.0538964970828523,0.025073610706935458,0.028822886375916845
73,NDU_RMD_26,0100D_OPS_26,251.10 Management Prof Srvc,,,0.0,0.0,0.0,0.0,0.0,0.0,0.0,0.0,0.013049202115354689,0.019050137471045715,-0.006000935355691026
74,,,253.2A IA DFAS,,,0.0,0.0,300000.0,0.0,0.0,0.0,300000.0,-300000.0,0.06751226207201817,0.07896085282458927,-0.011448590752571097
75,,,,,,560000.0,0.0,0.0,0.0,0.0,0.0,0.0,560000.0,0.013049202115354689,0.027908189203612405,-0.014858987088257716
76,NDU_RMD_26 Total,,,,,560000.0,0.0,300000.0,0.0,0.0,0.0,300000.0,260000.0,0.06751226207201817,0.02738854353554957,0.0401237185364686
77,,,,,,2176946.44,329285.15,300615.54,0.0,340750.06,340750.06,970650.75,1206295.69,0.18926456876278927,0.12529653495616747,0.0639680338066218
78,NDU_CIVPAY_CSO_26,0100D_0804798JCA_26,111.1-Labor-Regular,,,0.0,0.0,0.0,0.0,65970.99,65970.99,65970.99,-65970.99,0.025025808727922847,0.02579252690277363,-0.0007667181748507827
79,,,111.2-Annual Leave Taken,,,0.0,0.0,0.0,0.0,1544.56,1544.56,1544.56,-1544.56,0.013329606994976902,0.014100541890245,-0.0007709348952680984
80,,,111.7-Holiday Taken,,,0.0,0.0,0.0,0.0,5148.33,5148.33,5148.33,-5148.33,0.013983848133576986,0.014721351065199749,-0.0007375029316227626
81,,,111.8-Other Leave Taken,,,0.0,0.0,0.0,0.0,81.08,81.08,81.08,-81.08,0.013063921665025643,0.01359346750670743,-0.0005295458416817861
82,,,113.1-Labor-Regular,,,0.0,0.0,0.0,0.0,24227.12,24227.12,24227.12,-24227.12,0.017447479079145626,0.01803311941281671,-0.0005856403336710857
83,,,113.2-Annual Leave Taken,,,0.0,0.0,0.0,0.0,-7033.68,-7033.68,-7033.68,7033.68,0.011772282996834738,0.011810402189272767,-3.811919243802871e-05
84,,,113.7-Holiday Taken,,,0.0,0.0,0.0,0.0,781.52,781.52,781.52,-781.52,0.01319108201741246,0.013194435325137652,-3.3533077251918925e-06
85,,,121.1-Prepd FEHB,,,0.0,0.0,0.0,0.0,-267.13,-267.13,-267.13,267.13,0.013000706391333943,0.013002102629755626,-1.396238421682433e-06
86,,,121.3-FEHB,,,0.0,0.0,0.0,0.0,3102.32,3102.32,3102.32,-3102.32,0.01361240824923721,0.013614369678776585,-1.961429539374532e-06
87,,,121.4-Medicare,,,0.0,0.0,0.0,0.0,1050.05,1050.05,1050.05,-1050.05,0.01323983190237967,0.01323969951011465,1.3239226501898793e-07
88,,,121.5-TSP,,,0.0,0.0,0.0,0.0,3279.42,3279.42,3279.42,-3279.42,0.01364455960896496,0.013647306648673673,-2.747039708712873e-06
89,,,121.6-FERS,,,0.0,0.0,0.0,0.0,12677.43,12677.43,12677.43,-12677.43,0.01535070754930937,0.015274750844353374,7.595670495599664e-05
90,,,121.7-FEGLI,,,0.0,0.0,0.0,0.0,155.12,155.12,155.12,-155.12,0.013077363148222948,0.013078482643934247,-1.119495711299212e-06
91,,,121.A-OASDI Employer Contrib,,,0.0,0.0,0.0,0.0,3342.85,3342.85,3342.85,-3342.85,0.01365607491527513,0.013656102184725566,-2.726945043558804e-08
92,,,,,,209954.8,0.0,0.0,0.0,0.0,0.0,0.0,209954.8,0.013049202115354689,0.013282574184450162,-0.00023337206909547319
93,NDU_CIVPAY_CSO_26 Total,,,,,209954.8,0.0,0.0,0.0,114059.98,114059.98,114059.98,95894.82,0.033756053880007485,0.033036690712787344,0.0007193631672201412
94,NDU_CIVPAY_FED_26,0100D_0804750JCA_26,111.1-Labor-Regular,,,0.0,0.0,0.0,0.0,45569.01,45569.01,45569.01,-45569.01,0.021321961194674013,0.021340782505198965,-1.88213105249517e-05
95,,,111.2-Annual Leave Taken,,,0.0,0.0,0.0,0.0,-7334.3,-7334.3,-7334.3,7334.3,0.011717707379887499,0.011721339824231786,-3.6324443442870002e-06
96,,,111.7-Holiday Taken,,,0.0,0.0,0.0,0.0,554.67,554.67,554.67,-554.67,0.013149898866908564,0.013149962299744362,-6.343283579825221e-08
97,,,121.1-Prepd FEHB,,,0.0,0.0,0.0,0.0,-1329.97,-1329.97,-1329.97,1329.97,0.012807754662519476,0.01280886606538616,-1.1114028666842773e-06
98,,,121.3-FEHB,,,0.0,0.0,0.0,0.0,7524.16,7524.16,7524.16,-7524.16,0.014415164706033119,0.014439861189009553,-2.4696482976434286e-05
99,,,121.4-Medicare,,,0.0,0.0,0.0,0.0,628.35,628.35,628.35,-628.35,0.01316327499443392,0.013161899422774608,1.375571659311542e-06
100,,,121.5-TSP,,,0.0,0.0,0.0,0.0,1926.81,1926.81,1926.81,-1926.81,0.013399002010538352,0.013399022977023924,-2.0966485572010418e-08
101,,,121.6-FERS,,,0.0,0.0,0.0,0.0,8236.73,8236.73,8236.73,-8236.73,0.014544527181477519,0.014588948962435429,-4.4421780957910537e-05
102,,,121.7-FEGLI,,,0.0,0.0,0.0,0.0,96.16,96.16,96.16,-96.16,0.013066659341506132,0.013067197646438766,-5.383049326342787e-07
103,,,121.A-OASDI Employer Contrib,,,0.0,0.0,0.0,0.0,2686.82,2686.82,2686.82,-2686.82,0.013536976911197231,0.013536768891879809,2.0801931742246704e-07
104,,,,,,524887.0,0.0,0.0,0.0,0.0,0.0,0.0,524887.0,0.013049202115354689,0.01762758252782587,-0.00457838041247118
105,NDU_CIVPAY_FED_26 Total,,,,,524887.0,0.0,0.0,0.0,58558.44,58558.44,58558.44,466328.56,0.023680108210983625,0.024341722767006385,-0.0006616145560227604
106,NDU_CIVPAY_HRD_26,0100D_0804750JCA_26,111.1-Labor-Regular,,,0.0,0.0,0.0,0.0,138699.14,138699.14,138699.14,-138699.14,0.038229134041213565,0.0397689778052846,-0.0015398437640710347
107,,,111.2-Annual Leave Taken,,,0.0,0.0,0.0,0.0,822.89,822.89,822.89,-822.89,0.013198592473380484,0.013201954523391499,-3.3620500110142365e-06
108,,,111.7-Holiday Taken,,,0.0,0.0,0.0,0.0,10771.94,10771.94,10771.94,-10771.94,0.015004778162253294,0.015003896745152004,8.814171012904576e-07
109,,,121.1-Prepd FEHB,,,0.0,0.0,0.0,0.0,-1780.88,-1780.88,-1780.88,1780.88,0.01272589486796928,0.012742893950943544,-1.6999082974264793e-05
110,,,121.3-FEHB,,,0.0,0.0,0.0,0.0,14727.73,14727.73,14727.73,-14727.73,0.015722926255406527,0.015746902985245233,-2.3976729838705302e-05
111,,,121.4-Medicare,,,0.0,0.0,0.0,0.0,1995.99,1995.99,1995.99,-1995.99,0.013411561192164358,0.013408563959683399,2.9972324809592055e-06
112,,,121.5-TSP,,,0.0,0.0,0.0,0.0,6261.53,6261.53,6261.53,-6261.53,0.014185942394722846,0.01420650587471478,-2.0563479991932837e-05
113,,,121.6-FERS,,,0.0,0.0,0.0,0.0,25655.9,25655.9,25655.9,-25655.9,0.01770686484849523,0.017934486021961384,-0.00022762117346615193
114,,,121.7-FEGLI,,,0.0,0.0,0.0,0.0,265.52,265.52,265.52,-265.52,0.013097405554287,0.013097674809238282,-2.692549512829656e-07
115,,,121.A-OASDI Employer Contrib,,,0.0,0.0,0.0,0.0,8534.53,8534.53,8534.53,-8534.53,0.014598590845661166,0.014612090823129262,-1.3499977468096197e-05
116,,,,,,577375.72,0.0,0.0,0.0,0.0,0.0,0.0,577375.72,0.013049202115354689,0.02331309376250648,-0.010263891647151793
117,,0100D_0804798JCA_26,111.1-Labor-Regular,,,0.0,0.0,0.0,0.0,32707.1,32707.1,32707.1,-32707.1,0.01898696460971665,0.019318131574477804,-0.0003311669647611537
118,,,111.2-Annual Leave Taken,,,0.0,0.0,0.0,0.0,374.12,374.12,374.12,-374.12,0.013117121181991312,0.013117501998811334,-3.808168200225559e-07
119,,,111.7-Holiday Taken,,,0.0,0.0,0.0,0.0,2170.08,2170.08,2170.08,-2170.08,0.01344316610585721,0.013452483972171282,-9.317866314072568e-06
120,,,121.1-Prepd FEHB,,,0.0,0.0,0.0,0.0,-303.61,-303.61,-303.61,303.61,0.012994083683243214,0.013000071904065736,-5.9882208225219e-06
121,,,121.3-FEHB,,,0.0,0.0,0.0,0.0,2749.91,2749.91,2749.91,-2749.91,0.013548430492706117,0.013546557434209228,1.8730584968890823e-06
122,,,121.4-Medicare,,,0.0,0.0,0.0,0.0,323.86,323.86,323.86,-323.86,0.013107996804013238,0.013107447372358052,5.494316551862832e-07
123,,,121.5-TSP,,,0.0,0.0,0.0,0.0,462.4,462.4,462.4,-462.4,0.013133147845101226,0.013132963239249944,1.8460585128263207e-07
124,,,121.6-FERS,,,0.0,0.0,0.0,0.0,4254.19,4254.19,4254.19,-4254.19,0.013821522798811483,0.013822919998426919,-1.397199615435496e-06
125,,,121.7-FEGLI,,,0.0,0.0,0.0,0.0,47.52,47.52,47.52,-47.52,0.013057829064051825,0.013058829643021463,-1.0005789696388573e-06
126,,,121.A-OASDI Employer Contrib,,,0.0,0.0,0.0,0.0,1305.67,1305.67,1305.67,-1305.67,0.01328623806033341,0.013287644295046317,-1.406234712906032e-06
127,,,,,,104977.4,0.0,0.0,0.0,0.0,0.0,0.0,104977.4,0.013049202115354689,0.013392972105407604,-0.00034376999005291536
128,NDU_CIVPAY_HRD_26 Total,,,,,682353.12,0.0,0.0,0.0,250045.53,250045.53,250045.53,432307.59,0.05844335108964035,0.06085427535795313,-0.0024109242683127835
129,NDU_CIVPAY_ITD_26,0100D_0804750JCA_26,111.1-Labor-Regular,,,0.0,0.0,0.0,0.0,297441.33,297441.33,297441.33,-297441.33,0.0670477520799538,0.07524424755123764,-0.008196495471283843
130,,,111.2-Annual Leave Taken,,,0.0,0.0,0.0,0.0,204.92,204.92,204.92,-204.92,0.013086404016175753,0.013087581059004228,-1.1770428284749168e-06
131,,,111.3-Sick Leave Taken,,,0.0,0.0,0.0,0.0,1914.8,1914.8,1914.8,-1914.8,0.013396821672704753,0.013396268208263005,5.534644417475726e-07
132,,,111.7-Holiday Taken,,,0.0,0.0,0.0,0.0,21252.83,21252.83,21252.83,-21252.83,0.016907515963817277,0.01716482838636483,-0.00025731242254755163
133,,,111.8-Other Leave Taken,,,0.0,0.0,0.0,0.0,600.88,600.88,600.88,-600.88,0.013158287993577222,0.013157964439770332,3.235538068892263e-07
134,,,113.1-Labor-Regular,,,0.0,0.0,0.0,0.0,6594.48,6594.48,6594.48,-6594.48,0.014246387314098084,0.014259166743891246,-1.2779429793162086e-05
135,,,113.7-Holiday Taken,,,0.0,0.0,0.0,0.0,732.72,732.72,732.72,-732.72,0.013182222692992844,0.013183619594293358,-1.3969013005141195e-06
136,,,115.1-Overtime Worked,,,0.0,0.0,0.0,0.0,901.32,901.32,901.32,-901.32,0.013212830932688489,0.01322007706861056,-7.246135922071156e-06
137,,,121.1-Prepd FEHB,,,0.0,0.0,0.0,0.0,-4121.83,-4121.83,-4121.83,4121.83,0.012300910533950774,0.012300316688260933,5.938456898411937e-07
138,,,121.3-FEHB,,,0.0,0.0,0.0,0.0,31935.35,31935.35,31935.35,-31935.35,0.018846858387978133,0.019136988386966876,-0.0002901299989887425
139,,,121.4-Medicare,,,0.0,0.0,0.0,0.0,4177.88,4177.88,4177.88,-4177.88,0.01380766921179384,0.01381606235839431,-8.393146600470247e-06
140,,,121.5-TSP,,,0.0,0.0,0.0,0.0,13880.67,13880.67,13880.67,-13880.67,0.015569147990183555,0.015588473972277058,-1.93259820935026e-05
141,,,121.6-FERS,,,0.0,0.0,0.0,0.0,51635.16,51635.16,51635.16,-51635.16,0.022423231498527728,0.022653056380121023,-0.0002298248815932949
142,,,121.7-FEGLI,,,0.0,0.0,0.0,0.0,579.6,579.6,579.6,-579.6,0.013154424747190963,0.013153906750509793,5.179966811701131e-07
143,,,121.A-OASDI Employer Contrib,,,0.0,0.0,0.0,0.0,17864.02,17864.02,17864.02,-17864.02,0.016292299423111473,0.01628935666275129,2.942760360183372e-06
144,,,121.N-Retention Allowances,,,0.0,0.0,0.0,0.0,6156.56,6156.56,6156.56,-6156.56,0.014166885770044008,0.014179072920457392,-1.2187150413383446e-05
145,,,,,,1049774.0,0.0,0.0,0.0,0.0,0.0,0.0,1049774.0,0.013049202115354689,0.014604282650858766,-0.0015550805355040772
146,,0100D_0804798JCA_26,111.1-Labor-Regular,,,0.0,0.0,0.0,0.0,3731.76,3731.76,3731.76,-3731.76,0.013726679010767618,0.013727983166936433,-1.3041561688145742e-06
147,,,111.7-Holiday Taken,,,0.0,0.0,0.0,0.0,414.64,414.64,414.64,-414.64,0.013124477325956126,0.013124057451763845,4.198741922808308e-07
148,,,113.1-Labor-Regular,,,0.0,0.0,0.0,0.0,9085.44,9085.44,9085.44,-9085.44,0.014698604993530252,0.014703809474019149,-5.2044804888969065e-06
149,,,113.7-Holiday Taken,,,0.0,0.0,0.0,0.0,757.12,757.12,757.12,-757.12,0.013186652355202652,0.013190539520596622,-3.887165393970382e-06
150,,,121.1-Prepd FEHB,,,0.0,0.0,0.0,0.0,-274.14,-274.14,-274.14,274.14,0.01299943377116629,0.013000498750388039,-1.0649792217490989e-06
151,,,121.3-FEHB,,,0.0,0.0,0.0,0.0,2288.37,2288.37,2288.37,-2288.37,0.013464640890398121,0.013456383113344928,8.257777053193721e-06
152,,,121.4-Medicare,,,0.0,0.0,0.0,0.0,350.95,350.95,350.95,-350.95,0.013112914818327326,0.013111414854372687,1.499963954638625e-06
153,,,121.5-TSP,,,0.0,0.0,0.0,0.0,1125.61,1125.61,1125.61,-1125.61,0.013253549331747421,0.01325352831773807,2.1014009350325824e-08
154,,,121.6-FERS,,,0.0,0.0,0.0,0.0,4000.57,4000.57,4000.57,-4000.57,0.013775479727924119,0.013772876929180175,2.6027987439433686e-06
155,,,121.7-FEGLI,,,0.0,0.0,0.0,0.0,49.28,49.28,49.28,-49.28,0.013058148580670236,0.013058613834356676,-4.6525368643975107e-07
156,,,121.A-OASDI Employer Contrib,,,0.0,0.0,0.0,0.0,1394.57,1394.57,1394.57,-1394.57,0.013302377280433902,0.013302446095924127,-6.881549022459688e-08
157,,,,,,104977.4,0.0,0.0,0.0,0.0,0.0,0.0,104977.4,0.013049202115354689,0.013392972105407604,-0.00034376999005291536
158,NDU_CIVPAY_ITD_26 Total,,,,,1154751.4,0.0,0.0,0.0,474674.86,474674.86,474674.86,680076.54,0.09922335331569085,0.10481388874019465,-0.005590535424503801
159,NDU_CIVPAY_OPS_26,0100D_0804750JCA_26,111.1-Labor-Regular,,,0.0,0.0,0.0,0.0,207881.1,207881.1,207881.1,-207881.1,0.05078867149254521,0.055029930776074786,-0.004241259283529572
160,,,111.2-Annual Leave Taken,,,0.0,0.0,0.0,0.0,-1414.04,-1414.04,-1414.04,1414.04,0.012792492297684288,0.012794236849493618,-1.7445518093305717e-06
161,,,111.5-Admin Leave Taken,,,0.0,0.0,0.0,0.0,69.33,69.33,69.33,-69.33,0.013061788528510674,0.013062109335704408,-3.2080719373356326e-07
162,,,111.7-Holiday Taken,,,0.0,0.0,0.0,0.0,11456.28,11456.28,11456.28,-11456.28,0.015129015663755772,0.015159227780892279,-3.021211713650704e-05
163,,,115.2-Holiday Premium,,,0.0,0.0,0.0,0.0,-505.36,-505.36,-505.36,505.36,0.012957457275422357,0.012954177272039662,3.2800033826947683e-06
164,,,115.9-Holiday Premium(H),,,0.0,0.0,0.0,0.0,-505.36,-505.36,-505.36,505.36,0.012957457275422357,0.012954177272039662,3.2800033826947683e-06
165,,,121.1-Prepd FEHB,,,0.0,0.0,0.0,0.0,-2533.39,-2533.39,-2533.39,2533.39,0.012589281543809316,0.01256294148231921,2.6340061490106106e-05
166,,,121.3-FEHB,,,0.0,0.0,0.0,0.0,19441.04,19441.04,19441.04,-19441.04,0.016578597205821,0.016650624505343815,-7.202729952281509e-05
167,,,121.4-Medicare,,,0.0,0.0,0.0,0.0,2849.18,2849.18,2849.18,-2849.18,0.013566452319245777,0.01356499618087397,1.4561383718074417e-06
168,,,121.5-TSP,,,0.0,0.0,0.0,0.0,7869.79,7869.79,7869.79,-7869.79,0.014477911597409191,0.014481154664311022,-3.243066901831293e-06
169,,,121.6-FERS,,,0.0,0.0,0.0,0.0,35908.76,35908.76,35908.76,-35908.76,0.019568205278186153,0.01957515226297394,-6.94698478778677e-06
170,,,121.7-FEGLI,,,0.0,0.0,0.0,0.0,399.28,399.28,399.28,-399.28,0.013121688817286344,0.0131213761192784,3.126980079436875e-07
171,,,121.A-OASDI Employer Contrib,,,0.0,0.0,0.0,0.0,12182.61,12182.61,12182.61,-12182.61,0.015260876178216849,0.015251190366760614,9.6858114562344e-06
172,,,,,,892307.9,0.0,0.0,0.0,0.0,0.0,0.0,892307.9,0.013049202115354689,0.015314362120802146,-0.002265160005447457
173,,0100D_0804798JCA_26,111.1-Labor-Regular,,,0.0,0.0,0.0,0.0,47406.94,47406.94,47406.94,-47406.94,0.02165562550062785,0.021718100206530037,-6.247470590218726e-05
174,,,111.7-Holiday Taken,,,0.0,0.0,0.0,0.0,3091.32,3091.32,3091.32,-3091.32,0.013610411270372132,0.013613301048184564,-2.8897778124314932e-06
175,,,121.1-Prepd FEHB,,,0.0,0.0,0.0,0.0,-478.42,-478.42,-478.42,478.42,0.012962348058206466,0.012956411038178302,5.937020028164153e-06
176,,,121.3-FEHB,,,0.0,0.0,0.0,0.0,3993.77,3993.77,3993.77,-3993.77,0.013774245231898435,0.01377152381935295,2.721412545484553e-06
177,,,121.4-Medicare,,,0.0,0.0,0.0,0.0,714.55,714.55,714.55,-714.55,0.013178924046994802,0.01317922700682596,-3.0295983115789793e-07
178,,,121.5-TSP,,,0.0,0.0,0.0,0.0,2525.57,2525.57,2525.57,-2525.57,0.013507703016470524,0.013508049926945162,-3.4691047463841773e-07
179,,,121.6-FERS,,,0.0,0.0,0.0,0.0,9294.12,9294.12,9294.12,-9294.12,0.014736489498036106,0.014746010767310982,-9.521269274876884e-06
180,,,121.7-FEGLI,,,0.0,0.0,0.0,0.0,60.0,60.0,60.0,-60.0,0.013060094727346021,0.013060353803050394,-2.59075704372308e-07
181,,,121.A-OASDI Employer Contrib,,,0.0,0.0,0.0,0.0,3003.94,3003.94,3003.94,-3003.94,0.013594547996442087,0.013603766159226323,-9.218162784235817e-06
182,,,,,,157466.1,0.0,0.0,0.0,0.0,0.0,0.0,157466.1,0.013049202115354689,0.013078315036640815,-2.911292128612679e-05
183,NDU_CIVPAY_OPS_26 Total,,,,,1049774.0,0.0,0.0,0.0,362711.01,362711.01,362711.01,687062.99,0.07889704039726127,0.09296394728537305,-0.014066906888111783
184,NDU_CIVPAY_SEC_26,0100D_0804750JCA_26,111.1-Labor-Regular,,,0.0,0.0,0.0,0.0,54603.22,54603.22,54603.22,-54603.22,0.022962063597644314,0.023339084287949875,-0.00037702069030556146
185,,,111.2-Annual Leave Taken,,,0.0,0.0,0.0,0.0,-3965.04,-3965.04,-3965.04,3965.04,0.012329374744519459,0.012328589796330608,7.849481888505538e-07
186,,,111.7-Holiday Taken,,,0.0,0.0,0.0,0.0,3452.96,3452.96,3452.96,-3452.96,0.013676064673714558,0.013663074559188573,1.29901145259851e-05
187,,,111.8-Other Leave Taken,,,0.0,0.0,0.0,0.0,307.5,307.5,307.5,-307.5,0.013105026751810269,0.01310567039051116,-6.436387008906114e-07
188,,,121.1-Prepd FEHB,,,0.0,0.0,0.0,0.0,-1137.27,-1137.27,-1137.27,1137.27,0.012842738101364973,0.012831562029785682,1.1176071579291e-05
189,,,121.3-FEHB,,,0.0,0.0,0.0,0.0,8589.74,8589.74,8589.74,-8589.74,0.014608613864128523,0.01461595879647688,-7.344932348355912e-06
190,,,121.4-Medicare,,,0.0,0.0,0.0,0.0,712.73,712.73,712.73,-712.73,0.013178593637764397,0.013178515773999741,7.786376465639122e-08
191,,,121.5-TSP,,,0.0,0.0,0.0,0.0,2667.42,2667.42,2667.42,-2667.42,0.013533454966653367,0.013534826685862431,-1.371719209063843e-06
192,,,121.6-FERS,,,0.0,0.0,0.0,0.0,9344.48,9344.48,9344.48,-9344.48,0.014745632030367498,0.01475377355057095,-8.1415202034512e-06
193,,,121.7-FEGLI,,,0.0,0.0,0.0,0.0,110.24,110.24,110.24,-110.24,0.01306921547445343,0.013069169218756607,4.625569682316366e-08
194,,,121.A-OASDI Employer Contrib,,,0.0,0.0,0.0,0.0,3047.56,3047.56,3047.56,-3047.56,0.013602466925359786,0.013607624126521145,-5.157201161358829e-06
195,,,,,,314932.2,0.0,0.0,0.0,0.0,0.0,0.0,314932.2,0.013049202115354689,0.023491692667933314,-0.010442490552578626
196,NDU_CIVPAY_SEC_26 Total,,,,,314932.2,0.0,0.0,0.0,77733.54,77733.54,77733.54,237198.66,0.027161223614233686,0.030376913419293553,-0.0032156898050598667
197,NDU_CSO_26,0100D_CSO_FRONT OFFICE_26,,,,10000.0,0.0,0.0,0.0,0.0,0.0,0.0,10000.0,0.013049202115354689,0.014193400409507189,-0.0011441982941525
198,NDU_CSO_26 Total,,,,,10000.0,0.0,0.0,0.0,0.0,0.0,0.0,10000.0,0.013049202115354689,0.014193400409507189,-0.0011441982941525
199,NDU_FED_26,0100D_FED_NORTH_26,254.24 Janitorial Service,,,0.0,0.0,23052.0,0.0,0.0,0.0,23052.0,-23052.0,0.01723414364242471,0.017416204418743045,-0.00018206077631833378
200,,,,,,26000.0,0.0,0.0,0.0,0.0,0.0,0.0,26000.0,0.013049202115354689,0.013155964985889463,-0.0001067628705347743
201,,0100D_FED_PLUSUP_26,254.20 O&M Buildings,,,0.0,54654.27,0.0,0.0,0.0,0.0,54654.27,-54654.27,0.022971331395013603,0.02165523553840236,0.0013160958566112435
202,,0100D_FED_SOUTH_26,254.22 O&M Grounds,,,0.0,17076.6,0.0,0.0,0.0,0.0,17076.6,-17076.6,0.016149348414207888,0.016173373227789924,-2.4024813582036036e-05
203,,,260.A0 Materials & Parts,,,0.0,0.0,0.0,0.0,0.0,0.0,0.0,0.0,0.013049202115354689,0.01306478192600893,-1.557981065424159e-05
204,,0100D_OPS_26,,,,8474000.0,0.0,0.0,0.0,0.0,0.0,0.0,8474000.0,0.013049202115354689,0.14772351256683203,-0.13467431045147735
205,NDU_FED_26 Total,,,,,8500000.0,71730.87,23052.0,0.0,0.0,0.0,94782.87,8405217.13,0.030256419220936824,0.14772351256683203,-0.1174670933458952
206,NDU_HRD_26,0100D_OPS_26,,,,150000.0,0.0,0.0,0.0,0.0,0.0,0.0,150000.0,0.013049202115354689,0.01311458687299729,-6.538475764260136e-05
207,NDU_HRD_26 Total,,,,,150000.0,0.0,0.0,0.0,0.0,0.0,0.0,150000.0,0.013049202115354689,0.013121745788067645,-7.254367271295609e-05
208,NDU_ITD_26,0100D_OPS_26,233.11 Comm Circuits & Eqpmnt,,,0.0,130000.0,0.0,0.0,0.0,0.0,130000.0,-130000.0,0.036649861429908864,0.039889861966241426,-0.0032400005363325615
209,,,233.20 IT Services,,,0.0,602564.0,0.0,0.0,0.0,0.0,602564.0,-602564.0,0.12244079964777795,0.17028238656549788,-0.04784158691771993
210,,,251.30 Engineering & Tech Srvc,,,0.0,0.0,1029013.0,0.0,0.0,0.0,1029013.0,-1029013.0,0.1998598578326419,0.17778742457576496,0.02207243325687694
211,,,257.31 IT Contract Sppt Srvcs,,,0.0,0.0,1851509.04,0.0,0.0,0.0,1851509.04,-1851509.04,0.3491786949681029,0.17778742457576496,0.17139127039233792
212,,,310.72 IT Software,,,0.0,196737.57,0.0,33278.22,0.0,33278.22,230015.79,-230015.79,0.054807081321185745,0.06253252854527037,-0.007725447224084629
213,,,,,,7000000.0,0.0,0.0,0.0,0.0,0.0,0.0,7000000.0,0.013049202115354689,0.14730480361726284,-0.13425560150190816
214,NDU_ITD_26 Total,,,,,7000000.0,929301.57,2880522.04,33278.22,0.0,33278.22,3843101.83,3156898.17,0.7107394867381985,0.21143912425695863,0.4993003624812399
215,NDU_OPS_26,0100D_LOGISTICS_26,220.10 Common Carrier Freight,,,0.0,0.0,730.42,0.0,0.0,0.0,730.42,-730.42,0.01318180514286651,0.01323975964157239,-5.795449870587936e-05
216,,,260.10 Office Supplies,,,0.0,4504.85,0.0,0.0,0.0,0.0,4504.85,-4504.85,0.013867028500840607,0.013824089032000058,4.29394688405485e-05
217,,,,,,130000.0,0.0,0.0,0.0,0.0,0.0,0.0,130000.0,0.013049202115354689,0.013461181066723026,-0.0004119789513683369
218,,0100D_TRANSPORTATION_26,210.41 GSA Vehicle Lease,,,0.0,0.0,10538.17,0.0,0.0,0.0,10538.17,-10538.17,0.01496233873049973,0.014928476429498828,3.386230100090211e-05
219,NDU_OPS_26 Total,,,,,130000.0,4504.85,11268.59,0.0,0.0,0.0,15773.44,114226.56,0.015912768143497468,0.01429313945185324,0.0016196286916442277
220,NDU_SEC_26,0100D_OPS_26,253.20 Interagency Agreements,,,0.0,145000.0,0.0,0.0,0.0,0.0,145000.0,-145000.0,0.03937301442774204,0.04223598660507481,-0.002862972177332772
221,,,,,,500000.0,0.0,0.0,0.0,0.0,0.0,0.0,500000.0,0.013049202115354689,0.020323268616879768,-0.007274066501525079
222,NDU_SEC_26 Total,,,,,500000.0,145000.0,0.0,0.0,0.0,0.0,145000.0,355000.0,0.03937301442774204,0.02877796991923627,0.01059504450850577
223,,,,,,20226652.52,1150537.29,2914842.63,33278.22,1337783.36,1371061.58,5436441.5,14790211.02,0.9999999999999999,0.36517654035059466,0.6348234596494052
224,NDU_AA_26,0100D_OPS_26,310.72 IT Software,,,0.0,15444.0,0.0,0.0,0.0,0.0,15444.0,-15444.0,0.015852960441923726,0.01582617760292295,2.6782839000774605e-05
225,,,,,,30000.0,0.0,0.0,0.0,0.0,0.0,0.0,30000.0,0.013049202115354689,0.013861632201032776,-0.0008124300856780873
226,,0100D_PRO_DEV_26,210.00 Trvl & Trans of Persons,,,0.0,0.0,5427.45,0.0,0.0,0.0,5427.45,-5427.45,0.014034520564560666,0.013998366804229511,3.6153760331154514e-05
227,NDU_AA_26 Total,,,,,30000.0,15444.0,5427.45,0.0,0.0,0.0,20871.45,9128.55,0.016838278891129703,0.015332393753394132,0.0015058851377355714
228,NDU_CIVPAY_AA_26,0100D_0804750JCA_26,111.1-Labor-Regular,,,0.0,0.0,0.0,0.0,91097.26,91097.26,91097.26,-91097.26,0.029587320559580563,0.029662873596219153,-7.55530366385905e-05
229,,,111.2-Annual Leave Taken,,,0.0,0.0,0.0,0.0,-23741.76,-23741.76,-23741.76,23741.76,0.008739039120832306,0.007239047261046551,0.0014999918597857556
230,,,111.3-Sick Leave Taken,,,0.0,0.0,0.0,0.0,987.7,987.7,987.7,-987.7,0.013228512663085343,0.013347915266702742,-0.00011940260361739848
231,,,111.7-Holiday Taken,,,0.0,0.0,0.0,0.0,3874.8,3874.8,3874.8,-3874.8,0.013752646997754954,0.013750422486643418,2.2245111115353627e-06
232,,,113.1-Labor-Regular,,,0.0,0.0,0.0,0.0,111442.5,111442.5,111442.5,-111442.5,0.03328086731275626,0.033211245248310435,6.962206444582203e-05
233,,,113.2-Annual Leave Taken,,,0.0,0.0,0.0,0.0,-18642.52,-18642.52,-18642.52,18642.52,0.009664773167010362,0.009398684006801054,0.00026608916020930823
234,,,113.5-Admin Leave Taken,,,0.0,0.0,0.0,0.0,-274.84,-274.84,-274.84,274.84,0.012999306690693057,0.01300026189996326,-9.552092702022619e-07
235,,,113.7-Holiday Taken,,,0.0,0.0,0.0,0.0,3829.27,3829.27,3829.27,-3829.27,0.013744381320688864,0.013742022651909764,2.3586687791007227e-06
236,,,113.8-Other Leave Taken,,,0.0,0.0,0.0,0.0,671.68,671.68,671.68,-671.68,0.013171141275726994,0.013189697547802262,-1.8556272075268e-05
237,,,121.1-Prepd FEHB,,,0.0,0.0,0.0,0.0,-804.05,-804.05,-804.05,804.05,0.012903232037494172,0.012894024693193413,9.207344300758702e-06
238,,,121.3-FEHB,,,0.0,0.0,0.0,0.0,3961.17,3961.17,3961.17,-3961.17,0.013768326912716478,0.01376848617164343,-1.5925892695237143e-07
239,,,121.4-Medicare,,,0.0,0.0,0.0,0.0,1946.53,1946.53,1946.53,-1946.53,0.013402582049012835,0.013403642413835449,-1.0603648226137352e-06
240,,,121.5-TSP,,,0.0,0.0,0.0,0.0,6617.59,6617.59,6617.59,-6617.59,0.014250582785150078,0.0142677099249442,-1.7127139794121185e-05
241,,,121.6-FERS,,,0.0,0.0,0.0,0.0,23970.14,23970.14,23970.14,-23970.14,0.017400826021986747,0.017392398193945818,8.427828040929314e-06
242,,,121.7-FEGLI,,,0.0,0.0,0.0,0.0,273.6,273.6,273.6,-273.6,0.013098872426035166,0.013109743619160244,-1.0871193125077533e-05
243,,,121.A-OASDI Employer Contrib,,,0.0,0.0,0.0,0.0,6250.22,6250.22,6250.22,-6250.22,0.014183889137362479,0.014205278697919205,-2.1389560556726167e-05
244,,,,,,682353.1,0.0,0.0,0.0,0.0,0.0,0.0,682353.1,0.013049202115354689,0.03360073472946689,-0.020551532614112203
245,NDU_CIVPAY_AA_26 Total,,,,,682353.1,0.0,0.0,0.0,211459.29,211459.29,211459.29,470893.81,0.05143826874756633,0.054313257147569516,-0.0028749884000031853
246,NDU_CIVPAY_HF_26,0100D_0804750JCA_26,111.1-Labor-Regular,,,0.0,0.0,0.0,0.0,61327.92,61327.92,61327.92,-61327.92,0.02418288939527956,0.025367772747332595,-0.0011848833520530337
247,,,111.2-Annual Leave Taken,,,0.0,0.0,0.0,0.0,-14398.12,-14398.12,-14398.12,14398.12,0.010435316539277236,0.01036229321052361,7.30233287536252e-05
248,,,111.7-Holiday Taken,,,0.0,0.0,0.0,0.0,2247.84,2247.84,2247.84,-2247.84,0.013457282930997978,0.013456142112244244,1.140818753733383e-06
249,,,121.1-Prepd FEHB,,,0.0,0.0,0.0,0.0,-698.79,-698.79,-698.79,698.79,0.012922341309797632,0.01291768005834507,4.6612514525631865e-06
250,,,121.3-FEHB,,,0.0,0.0,0.0,0.0,3427.25,3427.25,3427.25,-3427.25,0.013671397189476272,0.013662443664620381,8.953524855890432e-06
251,,,121.4-Medicare,,,0.0,0.0,0.0,0.0,637.69,637.69,637.69,-637.69,0.013164970611033904,0.013172412162690082,-7.441551656177728e-06
252,,,121.5-TSP,,,0.0,0.0,0.0,0.0,2292.57,2292.57,2292.57,-2292.57,0.013465403373237515,0.013458706650124028,6.696723113486236e-06
253,,,121.6-FERS,,,0.0,0.0,0.0,0.0,7926.38,7926.38,7926.38,-7926.38,0.01448818514595235,0.014515995123381613,-2.7809977429262694e-05
254,,,121.7-FEGLI,,,0.0,0.0,0.0,0.0,85.28,85.28,85.28,-85.28,0.013064684147865036,0.0130769157877277,-1.223163986266429e-05
255,,,121.A-OASDI Employer Contrib,,,0.0,0.0,0.0,0.0,2726.6,2726.6,2726.6,-2726.6,0.013544198712947484,0.013545742466572473,-1.5437536249884865e-06
256,,,,,,209954.8,0.0,0.0,0.0,0.0,0.0,0.0,209954.8,0.013049202115354689,0.014386275978698683,-0.0013370738633439946
257,NDU_CIVPAY_HF_26 Total,,,,,209954.8,0.0,0.0,0.0,65574.62,65574.62,65574.62,144380.18,0.02495385031767277,0.024345917314483167,0.0006079330031896028
258,NDU_CIVPAY_LIB_26,0100D_0804750JCA_26,111.1-Labor-Regular,,,0.0,0.0,0.0,0.0,182710.27,182710.27,182710.27,-182710.27,0.0462190700810486,0.05047468194596932,-0.004255611864920718
259,,,111.2-Annual Leave Taken,,,0.0,0.0,0.0,0.0,2888.48,2888.48,2888.48,-2888.48,0.0135735869801001,0.013570228647188346,3.3583329117539e-06
260,,,111.3-Sick Leave Taken,,,0.0,0.0,0.0,0.0,1107.05,1107.05,1107.05,-1107.05,0.013250179883771437,0.013250970664574818,-7.907808033807973e-07
261,,,111.5-Admin Leave Taken,,,0.0,0.0,0.0,0.0,88.76,88.76,88.76,-88.76,0.013065315919360533,0.013068014081213828,-2.698161853295286e-06
262,,,111.7-Holiday Taken,,,0.0,0.0,0.0,0.0,15338.16,15338.16,15338.16,-15338.16,0.015833745874371013,0.015855391256649778,-2.164538227876489e-05
263,,,111.8-Other Leave Taken,,,0.0,0.0,0.0,0.0,73.18,73.18,73.18,-73.18,0.013062487471113451,0.0130649196754628,-2.4322043493483353e-06
264,,,113.1-Labor-Regular,,,0.0,0.0,0.0,0.0,124331.43,124331.43,124331.43,-124331.43,0.035620769203980385,0.03570747016008279,-8.670095610240763e-05
265,,,113.7-Holiday Taken,,,0.0,0.0,0.0,0.0,10521.6,10521.6,10521.6,-10521.6,0.014959330554154791,0.01499574395202775,-3.64133978729593e-05
266,,,113.8-Other Leave Taken,,,0.0,0.0,0.0,0.0,451.84,451.84,451.84,-451.84,0.013131230745390752,0.01313285163933958,-1.6208939488289442e-06
267,,,121.1-Prepd FEHB,,,0.0,0.0,0.0,0.0,-3987.16,-3987.16,-3987.16,3987.16,0.01232535900156532,0.012315390614856522,9.968386708797752e-06
268,,,121.2-CSRS,,,0.0,0.0,0.0,0.0,1328.72,1328.72,1328.72,-1328.72,0.013290422638773416,0.01329423494037435,-3.8123016009340704e-06
269,,,121.3-FEHB,,,0.0,0.0,0.0,0.0,25739.15,25739.15,25739.15,-25739.15,0.017721978347633206,0.01798515736126328,-0.00026317901363007504
270,,,121.4-Medicare,,,0.0,0.0,0.0,0.0,3730.47,3730.47,3730.47,-3730.47,0.013726444819609803,0.013727350080352547,-9.052607427440656e-07
271,,,121.5-TSP,,,0.0,0.0,0.0,0.0,12184.66,12184.66,12184.66,-12184.66,0.015261248342459887,0.01525398848392446,7.259858535425823e-06
272,,,121.6-FERS,,,0.0,0.0,0.0,0.0,42868.52,42868.52,42868.52,-42868.52,0.02083170469873278,0.02102509553058144,-0.00019339083184866102
273,,,121.7-FEGLI,,,0.0,0.0,0.0,0.0,514.4,514.4,514.4,-514.4,0.013142588108827048,0.013142358099816611,2.3000901043686295e-07
274,,,121.A-OASDI Employer Contrib,,,0.0,0.0,0.0,0.0,14787.18,14787.18,14787.18,-14787.18,0.015733719018454606,0.0157502635658282,-1.6544547373594648e-05
275,,,,,,1574661.01,0.0,0.0,0.0,0.0,0.0,0.0,1574661.01,0.013049202115354689,0.014495614598103595,-0.0014464124827489062
276,NDU_CIVPAY_LIB_26 Total,,,,,1574661.01,0.0,0.0,0.0,434676.71,434676.71,434676.71,1139984.3,0.09196194784367212,0.10680607855022124,-0.014844130706549122
277,NDU_CIVPAY_NDWC_26,0100D_0804750JCA_26,111.1-Labor-Regular,,,0.0,0.0,0.0,0.0,26739.68,26739.68,26739.68,-26739.68,0.017903618098894673,0.01817301913973037,-0.0002694010408356984
278,,,111.7-Holiday Taken,,,0.0,0.0,0.0,0.0,1215.44,1215.44,1215.44,-1215.44,0.013269857387333779,0.013267961505897055,1.8958814367239785e-06
279,,,113.1-Labor-Regular,,,0.0,0.0,0.0,0.0,82184.94,82184.94,82184.94,-82184.94,0.02796934649787066,0.029008769175301943,-0.0010394226774312829
280,,,113.2-Annual Leave Taken,,,0.0,0.0,0.0,0.0,-14439.36,-14439.36,-14439.36,14439.36,0.010427829683968527,0.01036229321052361,6.553647344491667e-05
281,,,113.7-Holiday Taken,,,0.0,0.0,0.0,0.0,1780.24,1780.24,1780.24,-1780.24,0.013372393174878858,0.013381326224209164,-8.933049330306364e-06
282,,,113.A-Comp Time Taken,,,0.0,0.0,0.0,0.0,-225.92,-225.92,-225.92,225.92,0.013008187800336657,0.013008624919092176,-4.3711875551827317e-07
283,,,121.1-Prepd FEHB,,,0.0,0.0,0.0,0.0,-613.1,-613.1,-613.1,613.1,0.012937897775156587,0.012937845315355816,5.245980077075996e-08
284,,,121.3-FEHB,,,0.0,0.0,0.0,0.0,4891.35,4891.35,4891.35,-4891.35,0.013937195076418109,0.013943071684080597,-5.876607662488181e-06
285,,,121.4-Medicare,,,0.0,0.0,0.0,0.0,2018.65,2018.65,2018.65,-2018.65,0.013415674968626418,0.013413804539372987,1.8704292534307138e-06
286,,,121.5-TSP,,,0.0,0.0,0.0,0.0,6642.46,6642.46,6642.46,-6642.46,0.014255097772820486,0.014276961155133985,-2.1863382313499005e-05
287,,,121.6-FERS,,,0.0,0.0,0.0,0.0,24299.64,24299.64,24299.64,-24299.64,0.017460644616172482,0.017693424871279662,-0.0002327802551071803
288,,,121.7-FEGLI,,,0.0,0.0,0.0,0.0,262.0,262.0,262.0,-262.0,0.013096766521050174,0.013097548971531392,-7.824504812178196e-07
289,,,121.A-OASDI Employer Contrib,,,0.0,0.0,0.0,0.0,8563.01,8563.01,8563.01,-8563.01,0.014603761205486385,0.014613913959797175,-1.0152754310790296e-05
290,,,,,,682353.1,0.0,0.0,0.0,0.0,0.0,0.0,682353.1,0.013049202115354689,0.03359837897418577,-0.020549176858831085
291,NDU_CIVPAY_NDWC_26 Total,,,,,682353.1,0.0,0.0,0.0,143319.03,143319.03,143319.03,539034.07,0.03906784519475753,0.05044171041876843,-0.011373865224010897
292,NDU_HF_26,0100D_OPS_26,,,,5000.0,0.0,0.0,0.0,0.0,0.0,0.0,5000.0,0.013049202115354689,0.01643806514542766,-0.0033888630300729725
293,NDU_HF_26 Total,,,,,5000.0,0.0,0.0,0.0,0.0,0.0,0.0,5000.0,0.013049202115354689,0.01642667091614779,-0.0033774688007931018
294,NDU_LIB_26,0100D_OPS_26,,,,850000.0,0.0,0.0,0.0,0.0,0.0,0.0,850000.0,0.013049202115354689,0.01837392265877277,-0.005324720543418081
295,NDU_LIB_26 Total,,,,,850000.0,0.0,0.0,0.0,0.0,0.0,0.0,850000.0,0.013049202115354689,0.018774807910244936,-0.005725605794890247
296,NDU_NDWC_26,0100D_OPS_26,210.00 Trvl & Trans of Persons,,,0.0,0.0,1426.81,0.0,0.0,0.0,1426.81,-1426.81,0.013308230243943913,0.01324219199611269,6.603824783122346e-05
297,,,,,,50000.0,0.0,0.0,0.0,0.0,0.0,0.0,50000.0,0.013049202115354689,0.013259059860259208,-0.00020985774490451907
298,NDU_NDWC_26 Total,,,,,50000.0,0.0,1426.81,0.0,0.0,0.0,1426.81,48573.19,0.013308230243943913,0.013255394291504116,5.283595243979651e-05
299,,,,,,4084322.01,15444.0,6854.26,0.0,855029.65,855029.65,877327.91,3206994.1,0.1723224106619689,0.36517654035059466,-0.19285412968862575
300,NDU_CAP_26,0100D_CAP_26,210.00 Trvl & Trans of Persons,,,0.0,0.0,0.0,0.0,0.0,0.0,0.0,0.0,0.013049202115354689,0.013072725912869024,-2.3523797514335074e-05
301,,0100D_CAP_26,210.11 Per Diem CONUS,,,0.0,0.0,19388.0,0.0,0.0,0.0,19388.0,-19388.0,0.016568968136820662,0.016542844980534006,2.612315628665665e-05
302,,,251.10 Management Prof Srvc,,,0.0,846293.81,0.0,0.0,0.0,0.0,846293.81,-846293.81,0.16668837049863194,0.17778742457576496,-0.01109905407713302
303,,,,,,1500000.0,0.0,0.0,0.0,0.0,0.0,0.0,1500000.0,0.013049202115354689,0.015032475379987378,-0.0019832732646326897
304,,0100D_PIN_26,210.11 Per Diem CONUS,,,0.0,0.0,17600.0,0.0,0.0,0.0,17600.0,-17600.0,0.016244368299478947,0.01626399240100243,-1.96241015234834e-05
305,NDU_CAP_26 Total,,,,,1500000.0,846293.81,36988.0,0.0,0.0,0.0,883281.81,616718.19,0.1734033027042222,0.0471518740562665,0.1262514286479557
306,NDU_CIVPAY_CAP_26,0100D_0804750JCA_26,113.1-Labor-Regular,,,0.0,0.0,0.0,0.0,47129.6,47129.6,47129.6,-47129.6,0.02160527621713325,0.021614138727932,-8.86251079875236e-06
307,,,113.2-Annual Leave Taken,,,0.0,0.0,0.0,0.0,1528.0,1528.0,1528.0,-1528.0,0.013326600634067294,0.01332608284284665,5.177912206447838e-07
308,,,113.7-Holiday Taken,,,0.0,0.0,0.0,0.0,3139.2,3139.2,3139.2,-3139.2,0.013619103574741215,0.01361651923448492,2.584340256295281e-06
309,,,115.2-Holiday Premium,,,0.0,0.0,0.0,0.0,-481.28,-481.28,-481.28,481.28,0.012961828843701546,0.012955510398419245,6.318445282300564e-06
310,,,115.9-Holiday Premium(H),,,0.0,0.0,0.0,0.0,-481.28,-481.28,-481.28,481.28,0.012961828843701546,0.012955510398419245,6.318445282300564e-06
311,,,121.1-Prepd FEHB,,,0.0,0.0,0.0,0.0,-113.16,-113.16,-113.16,113.16,0.013028658649139034,0.013021050380895367,7.608268243667823e-06
312,,,121.3-FEHB,,,0.0,0.0,0.0,0.0,1120.56,1120.56,1120.56,-1120.56,0.013252632536904818,0.013253136946450788,-5.044095459701831e-07
313,,,121.4-Medicare,,,0.0,0.0,0.0,0.0,694.02,694.02,694.02,-694.02,0.013175196958258435,0.013176755796244506,-1.5588379860716206e-06
314,,,121.5-TSP,,,0.0,0.0,0.0,0.0,2425.03,2425.03,2425.03,-2425.03,0.013489450629643714,0.01350165520654725,-1.2204576903535394e-05
315,,,121.6-FERS,,,0.0,0.0,0.0,0.0,8451.15,8451.15,8451.15,-8451.15,0.014583453745863877,0.014604366244229014,-2.091249836513702e-05
316,,,121.7-FEGLI,,,0.0,0.0,0.0,0.0,51.6,51.6,51.6,-51.6,0.013058569761667235,0.013064887646466121,-6.317884798885676e-06
317,,,121.A-OASDI Employer Contrib,,,0.0,0.0,0.0,0.0,2579.2,2579.2,2579.2,-2579.2,0.013517439196155443,0.013517176174785605,2.6302136983853697e-07
318,,,,,,157466.1,0.0,0.0,0.0,0.0,0.0,0.0,157466.1,0.013049202115354689,0.013385516948781264,-0.00033631483342657503
319,NDU_CIVPAY_CAP_26 Total,,,,,157466.1,0.0,0.0,0.0,66042.64,66042.64,66042.64,91423.46,0.02503881632207583,0.02970155217455472,-0.004662735852478891
320,,,,,,1657466.1,846293.81,36988.0,0.0,66042.64,66042.64,949324.45,708141.65,0.1853929169109433,0.07725971281039998,0.10813320410054333
321,NDU_CIC_26,0100D_OPS_26,,,,560000.0,0.0,0.0,0.0,0.0,0.0,0.0,560000.0,0.013049202115354689,0.02269098978148354,-0.00964178766612885
322,NDU_CIC_26 Total,,,,,560000.0,0.0,0.0,0.0,0.0,0.0,0.0,560000.0,0.013049202115354689,0.022691435882356194,-0.009642233767001506
323,NDU_CIVPAY_CIC_26,0100D_0804750JCA_26,111.1-Labor-Regular,,,0.0,0.0,0.0,0.0,21664.08,21664.08,21664.08,-21664.08,0.0169821757418412,0.017206504261578673,-0.00022432851973747114
324,,,111.2-Annual Leave Taken,,,0.0,0.0,0.0,0.0,-3055.65,-3055.65,-3055.65,3055.65,0.012494468618166093,0.01248229461983966,1.2173998326432678e-05
325,,,111.7-Holiday Taken,,,0.0,0.0,0.0,0.0,906.96,906.96,906.96,-906.96,0.013213854838215675,0.01322525685913134,-1.1402020915665667e-05
326,,,113.1-Labor-Regular,,,0.0,0.0,0.0,0.0,358208.86,358208.86,358208.86,-358208.86,0.07807970417931495,0.0855415687231954,-0.007461864543880453
327,,,113.2-Annual Leave Taken,,,0.0,0.0,0.0,0.0,-43228.27,-43228.27,-43228.27,43228.27,0.0052013892459118975,0.005193824157656134,7.565088255763117e-06
328,,,113.3-Sick Leave Taken,,,0.0,0.0,0.0,0.0,1044.88,1044.88,1044.88,-1044.88,0.013238893322313084,0.013240813567978684,-1.9202456655997152e-06
329,,,113.7-Holiday Taken,,,0.0,0.0,0.0,0.0,19992.96,19992.96,19992.96,-19992.96,0.016678794712658606,0.01693147254911269,-0.00025267783645408284
330,,,121.1-Prepd FEHB,,,0.0,0.0,0.0,0.0,-1678.4,-1678.4,-1678.4,1678.4,0.012744499449250475,0.012746345873584735,-1.8464243342602299e-06
331,,,121.3-FEHB,,,0.0,0.0,0.0,0.0,16171.72,16171.72,16171.72,-16171.72,0.015985073301895934,0.01602952083286809,-4.4447530972154675e-05
332,,,121.4-Medicare,,,0.0,0.0,0.0,0.0,4425.42,4425.42,4425.42,-4425.42,0.013852608497999415,0.013858346203531581,-5.737705532166126e-06
333,,,121.5-TSP,,,0.0,0.0,0.0,0.0,13886.75,13886.75,13886.75,-13886.75,0.015570251774865344,0.015585424610858116,-1.5172835992772332e-05
334,,,121.6-FERS,,,0.0,0.0,0.0,0.0,52942.91,52942.91,52942.91,-52942.91,0.022660645054055486,0.022765353402966492,-0.00010470834891100622
335,,,121.7-FEGLI,,,0.0,0.0,0.0,0.0,580.96,580.96,580.96,-580.96,0.0131546716463961,0.013155658130667184,-9.864842710847338e-07
336,,,121.A-OASDI Employer Contrib,,,0.0,0.0,0.0,0.0,18299.48,18299.48,18299.48,-18299.48,0.016371354370073903,0.016373034323702993,-1.6799536290898476e-06
337,,,,,,1732127.11,0.0,0.0,0.0,0.0,0.0,0.0,1732127.11,0.013049202115354689,0.013473030386961739,-0.00042382827160705044
338,NDU_CIVPAY_CIC_26 Total,,,,,1732127.11,0.0,0.0,0.0,460162.66,460162.66,460162.66,1271964.45,0.0965887572533472,0.11897929344476371,-0.02239053619141651
339,,,,,,2292127.11,0.0,0.0,0.0,460162.66,460162.66,460162.66,1831964.45,0.0965887572533472,0.1265108099543562,-0.029922052701009005
340,NDU_CISA_26,0100D_OPS_26,,,,230000.0,0.0,0.0,0.0,0.0,0.0,0.0,230000.0,0.013049202115354689,0.013344796286349941,-0.0002955941709952524
341,NDU_CISA_26 Total,,,,,230000.0,0.0,0.0,0.0,0.0,0.0,0.0,230000.0,0.013049202115354689,0.013396247630295016,-0.0003470455149403272
342,NDU_CIVPAY_CISA_26,0100D_0804750JCA_26,111.1-Labor-Regular,,,0.0,0.0,0.0,0.0,25932.88,25932.88,25932.88,-25932.88,0.017757148776317885,0.018160797699964527,-0.0004036489236466413
343,,,111.2-Annual Leave Taken,,,0.0,0.0,0.0,0.0,-6518.16,-6518.16,-6518.16,6518.16,0.01186587231906427,0.012328406965070893,-0.00046253464600662375
344,,,111.3-Sick Leave Taken,,,0.0,0.0,0.0,0.0,36.69,36.69,36.69,-36.69,0.013055862947587388,0.013060413955010263,-4.5510074228750225e-06
345,,,111.7-Holiday Taken,,,0.0,0.0,0.0,0.0,1394.48,1394.48,1394.48,-1394.48,0.013302360941515916,0.013304903473442016,-2.542531926099864e-06
346,,,113.1-Labor-Regular,,,0.0,0.0,0.0,0.0,140598.8,140598.8,140598.8,-140598.8,0.03857400502947115,0.043405219491159094,-0.004831214461687945
347,,,113.2-Annual Leave Taken,,,0.0,0.0,0.0,0.0,-2694.72,-2694.72,-2694.72,2694.72,0.012559993125599954,0.012554652304334685,5.340821265268844e-06
348,,,113.3-Sick Leave Taken,,,0.0,0.0,0.0,0.0,691.2,691.2,691.2,-691.2,0.013174685005494841,0.013175877655032545,-1.192649537703691e-06
349,,,113.7-Holiday Taken,,,0.0,0.0,0.0,0.0,9685.52,9685.52,9685.52,-9685.52,0.014807545636926232,0.01481773200053475,-1.018636360851713e-05
350,,,121.1-Prepd FEHB,,,0.0,0.0,0.0,0.0,-1844.97,-1844.97,-1844.97,1844.97,0.012714259742927204,0.012739084204269448,-2.48244613422436e-05
351,,,121.3-FEHB,,,0.0,0.0,0.0,0.0,17550.22,17550.22,17550.22,-17550.22,0.016235331062396805,0.016241808680872237,-6.477618475431851e-06
352,,,121.4-Medicare,,,0.0,0.0,0.0,0.0,2829.87,2829.87,2829.87,-2829.87,0.0135629467136199,0.013563010488267779,-6.37746478786283e-08
353,,,121.5-TSP,,,0.0,0.0,0.0,0.0,9420.32,9420.32,9420.32,-9420.32,0.014759400291924542,0.014787004721296366,-2.7604429371823336e-05
354,,,121.6-FERS,,,0.0,0.0,0.0,0.0,34612.42,34612.42,34612.42,-34612.42,0.01933286313437208,0.01953864252758427,-0.0002057793932121882
355,,,121.7-FEGLI,,,0.0,0.0,0.0,0.0,371.12,371.12,371.12,-371.12,0.013116576551391744,0.013118375364075105,-1.798812683360615e-06
356,,,121.A-OASDI Employer Contrib,,,0.0,0.0,0.0,0.0,12100.29,12100.29,12100.29,-12100.29,0.01524593151456474,0.01523738711065599,8.54440390875115e-06
357,,,,,,734841.8,0.0,0.0,0.0,0.0,0.0,0.0,734841.8,0.013049202115354689,0.024877336140910776,-0.011828134025556087
358,,0100D_0804750JCA_JSOMA_26,111.1-Labor-Regular,,,0.0,0.0,0.0,0.0,6127.23,6127.23,6127.23,-6127.23,0.01416156109821558,0.014175745721191589,-1.418462297600974e-05
359,,,111.7-Holiday Taken,,,0.0,0.0,0.0,0.0,587.04,587.04,587.04,-587.04,0.013155775431077888,0.013156105681467523,-3.3025038963414854e-07
360,,,113.1-Labor-Regular,,,0.0,0.0,0.0,0.0,114535.2,114535.2,114535.2,-114535.2,0.0338423269978495,0.036267961053917636,-0.002425634056068132
361,,,113.2-Annual Leave Taken,,,0.0,0.0,0.0,0.0,-197.24,-197.24,-197.24,197.24,0.013013394468868515,0.013011850777760839,1.543691107675979e-06
362,,,113.3-Sick Leave Taken,,,0.0,0.0,0.0,0.0,147.68,147.68,147.68,-147.68,0.013076012464336022,0.0130794849200407,-3.4724557046780097e-06
363,,,113.7-Holiday Taken,,,0.0,0.0,0.0,0.0,8928.96,8928.96,8928.96,-8928.96,0.014670197061456855,0.014684455198992762,-1.4258137535907642e-05
364,,,113.B-Credit Hours Taken,,,0.0,0.0,0.0,0.0,757.12,757.12,757.12,-757.12,0.013186652355202652,0.01319018162969912,-3.529274496467602e-06
365,,,121.1-Prepd FEHB,,,0.0,0.0,0.0,0.0,-1077.88,-1077.88,-1077.88,1077.88,0.01285351997180106,0.01283845096196627,1.5069009834790467e-05
366,,,121.3-FEHB,,,0.0,0.0,0.0,0.0,7283.84,7283.84,7283.84,-7283.84,0.014371536164137168,0.014413821442380525,-4.228527824335672e-05
367,,,121.4-Medicare,,,0.0,0.0,0.0,0.0,1151.57,1151.57,1151.57,-1151.57,0.013258262201869006,0.013260103425952288,-1.8412240832821336e-06
368,,,121.5-TSP,,,0.0,0.0,0.0,0.0,3977.59,3977.59,3977.59,-3977.59,0.013771307857531438,0.013770003214652403,1.3046428790353115e-06
369,,,121.6-FERS,,,0.0,0.0,0.0,0.0,13556.43,13556.43,13556.43,-13556.43,0.015510284314982394,0.01556620426169859,-5.591994671619652e-05
370,,,121.7-FEGLI,,,0.0,0.0,0.0,0.0,162.16,162.16,162.16,-162.16,0.013078641214696598,0.013080608651746156,-1.9674370495582905e-06
371,,,121.A-OASDI Employer Contrib,,,0.0,0.0,0.0,0.0,4923.88,4923.88,4923.88,-4923.88,0.013943100687552742,0.013945480052262536,-2.3793647097938853e-06
372,,,,,,419909.6,0.0,0.0,0.0,0.0,0.0,0.0,419909.6,0.013049202115354689,0.018378117508266064,-0.005328915392911375
373,NDU_CIVPAY_CISA_26 Total,,,,,1154751.4,0.0,0.0,0.0,405029.54,405029.54,405029.54,749721.86,0.0865796958528208,0.09107167273962363,-0.004491976886802834
374,,,,,,1384751.4,0.0,0.0,0.0,405029.54,405029.54,405029.54,979721.86,0.0865796958528208,0.09250829243422976,-0.005928596581408957
375,NDU_RES_26,0100D_OPS_26,,,,2450220.0,0.0,0.0,0.0,0.0,0.0,0.0,2450220.0,0.013049202115354689,0.020825787628872924,-0.007776585513518236
376,NDU_RES_26 Total,,,,,2450220.0,0.0,0.0,0.0,0.0,0.0,0.0,2450220.0,0.013049202115354689,0.020825787628872924,-0.007776585513518236
377,,,,,,2450220.0,0.0,0.0,0.0,0.0,0.0,0.0,2450220.0,0.013049202115354689,0.020825787628872924,-0.007776585513518236
378,NDU_CIVPAY_ES_26,0100D_0804750JCA_26,111.1-Labor-Regular,,,0.0,0.0,0.0,0.0,32690.16,32690.16,32690.16,-32690.16,0.01898388926226443,0.019277657098347455,-0.00029376783608302606
379,,,111.7-Holiday Taken,,,0.0,0.0,0.0,0.0,2204.58,2204.58,2204.58,-2204.58,0.013449429357752226,0.013455910565361641,-6.481207609414924e-06
380,,,113.1-Labor-Regular,,,0.0,0.0,0.0,0.0,274005.54,274005.54,274005.54,-274005.54,0.0627931359602812,0.07300704617320862,-0.010213910212927418
381,,,113.2-Annual Leave Taken,,,0.0,0.0,0.0,0.0,748.24,748.24,748.24,-748.24,0.013185040248627935,0.013187836906912165,-2.7966582842302995e-06
382,,,113.7-Holiday Taken,,,0.0,0.0,0.0,0.0,19272.92,19272.92,19272.92,-19272.92,0.016548076107021286,0.01658072705322821,-3.2650946206923964e-05
383,,,121.1-Prepd FEHB,,,0.0,0.0,0.0,0.0,-2389.55,-2389.55,-2389.55,2389.55,0.012615394765623204,0.012575190876244747,4.0203889378457106e-05
384,,,121.3-FEHB,,,0.0,0.0,0.0,0.0,19687.64,19687.64,19687.64,-19687.64,0.016623365841105377,0.016699966400617355,-7.6600559511978e-05
385,,,121.4-Medicare,,,0.0,0.0,0.0,0.0,4217.1,4217.1,4217.1,-4217.1,0.013814789349165506,0.013819623413726025,-4.834064560518825e-06
386,,,121.5-TSP,,,0.0,0.0,0.0,0.0,12359.74,12359.74,12359.74,-12359.74,0.015293032984250596,0.015258113335449765,3.4919648800830344e-05
387,,,121.6-FERS,,,0.0,0.0,0.0,0.0,46911.51,46911.51,46911.51,-46911.51,0.021565683387980084,0.021593268013764,-2.7584625783914907e-05
388,,,121.7-FEGLI,,,0.0,0.0,0.0,0.0,596.16,596.16,596.16,-596.16,0.01315743110810057,0.013158453057530696,-1.021949430125152e-06
389,,,121.A-OASDI Employer Contrib,,,0.0,0.0,0.0,0.0,16443.87,16443.87,16443.87,-16443.87,0.016034480374453288,0.01608285585525969,-4.8375480806401444e-05
390,,,,,,1259728.81,0.0,0.0,0.0,0.0,0.0,0.0,1259728.81,0.013049202115354689,0.013401052960026558,-0.0003518508446718697
391,NDU_CIVPAY_ES_26 Total,,,,,1259728.81,0.0,0.0,0.0,426747.91,426747.91,426747.91,832980.9,0.09052252547772413,0.0923123144543408,-0.001789788976616663
392,NDU_ES_26,0100D_OPS_26,210.00 Trvl & Trans of Persons,,,0.0,0.0,9366.25,0.0,0.0,0.0,9366.25,-9366.25,0.01474958423308502,0.014694903582812889,5.468065027213094e-05
393,,,,,,900000.0,0.0,0.0,0.0,0.0,0.0,0.0,900000.0,0.013049202115354689,0.014039084664900541,-0.0009898825495458525
394,NDU_ES_26 Total,,,,,900000.0,0.0,9366.25,0.0,0.0,0.0,9366.25,890633.75,0.01474958423308502,0.01452979796835956,0.0002197862647254599
395,,,,,,2159728.81,0.0,9366.25,0.0,426747.91,426747.91,436114.16,1723614.65,0.09222290759545447,0.12326360784520952,-0.031040700249755054
396,NDU_CIVPAY_INSS_26,0100D_0804750JCA_26,111.1-Labor-Regular,,,0.0,0.0,0.0,0.0,41652.0,41652.0,41652.0,-41652.0,0.02061085335973785,0.020964044458269614,-0.0003531910985317653
397,,,111.2-Annual Leave Taken,,,0.0,0.0,0.0,0.0,-7669.54,-7669.54,-7669.54,7669.54,0.01165684672582126,0.011523112171816912,0.00013373455400434754
398,,,111.7-Holiday Taken,,,0.0,0.0,0.0,0.0,1937.34,1937.34,1937.34,-1937.34,0.01340091366394283,0.013400224695904999,6.889680378308755e-07
399,,,113.1-Labor-Regular,,,0.0,0.0,0.0,0.0,378601.64,378601.64,378601.64,-378601.64,0.08178188151205845,0.09279504982384135,-0.011013168311782895
400,,,113.2-Annual Leave Taken,,,0.0,0.0,0.0,0.0,-45212.12,-45212.12,-45212.12,45212.12,0.004841234107595141,0.005193824157656134,-0.0003525900500609934
401,,,113.7-Holiday Taken,,,0.0,0.0,0.0,0.0,18618.12,18618.12,18618.12,-18618.12,0.016429201401489207,0.016465955936943687,-3.675453545447932e-05
402,,,113.8-Other Leave Taken,,,0.0,0.0,0.0,0.0,393.12,393.12,393.12,-393.12,0.0131205705091219,0.013132450560863658,-1.1880051741757283e-05
403,,,121.1-Prepd FEHB,,,0.0,0.0,0.0,0.0,-3207.78,-3207.78,-3207.78,3207.78,0.012466850400462068,0.012471780485397403,-4.930084935335019e-06
404,,,121.3-FEHB,,,0.0,0.0,0.0,0.0,22480.35,22480.35,22480.35,-22480.35,0.017130364281677288,0.017305184803569917,-0.00017482052189262895
405,,,121.4-Medicare,,,0.0,0.0,0.0,0.0,5090.66,5090.66,5090.66,-5090.66,0.013973378518017984,0.013963402108635866,9.976409382118565e-06
406,,,121.5-TSP,,,0.0,0.0,0.0,0.0,17403.42,17403.42,17403.42,-17403.42,0.016208680471724676,0.01620611206861542,2.5684031092557125e-06
407,,,121.6-FERS,,,0.0,0.0,0.0,0.0,61118.78,61118.78,61118.78,-61118.78,0.02414492138074844,0.024979250073072917,-0.0008343286923244778
408,,,121.7-FEGLI,,,0.0,0.0,0.0,0.0,655.68,655.68,655.68,-655.68,0.013168236579195972,0.013178944085442332,-1.0707506246359494e-05
409,,,121.A-OASDI Employer Contrib,,,0.0,0.0,0.0,0.0,18357.24,18357.24,18357.24,-18357.24,0.016381840324550895,0.016395607769680735,-1.3767445129840572e-05
410,,,,,,1154751.4,0.0,0.0,0.0,0.0,0.0,0.0,1154751.4,0.013049202115354689,0.013569644142975726,-0.0005204420276210368
411,NDU_CIVPAY_INSS_26 Total,,,,,1154751.4,0.0,0.0,0.0,510218.91,510218.91,510218.91,644532.49,0.105676145736533,0.13879179239190445,-0.03311564665537145
412,NDU_INSS_26,0100D_OPS_26,210.00 Trvl & Trans of Persons,,,0.0,0.0,17371.32,0.0,0.0,0.0,17371.32,-17371.32,0.016202852924309313,0.01620331771320648,-4.6478889716497496e-07
413,,,,,,100000.0,0.0,0.0,0.0,0.0,0.0,0.0,100000.0,0.013049202115354689,0.013843446481306617,-0.000794244365951928
414,NDU_INSS_26 Total,,,,,100000.0,0.0,17371.32,0.0,0.0,0.0,17371.32,82628.68,0.016202852924309313,0.01406782845014739,0.0021350244741619225
415,,,,,,1254751.4,0.0,17371.32,0.0,510218.91,510218.91,527590.23,727161.17,0.10882979654548762,0.1405882260708565,-0.03175842952536888
416,NDU_ISMO_26,0100D_OPS_26,,,,40000.0,0.0,0.0,0.0,0.0,0.0,0.0,40000.0,0.013049202115354689,0.013237188593827054,-0.00018798647847236526
417,NDU_ISMO_26 Total,,,,,40000.0,0.0,0.0,0.0,0.0,0.0,0.0,40000.0,0.013049202115354689,0.013237166391052943,-0.0001879642756982547
418,,,,,,40000.0,0.0,0.0,0.0,0.0,0.0,0.0,40000.0,0.013049202115354689,0.013236912541972335,-0.00018771042661764638
419,NDU_CIVPAY_JFSC_26,0100D_0804750JCA_26,111.1-Labor-Regular,,,0.0,0.0,0.0,0.0,107658.0,107658.0,107658.0,-107658.0,0.03259381581140295,0.03552127730412726,-0.002927461492724312
420,,,111.2-Annual Leave Taken,,,0.0,0.0,0.0,0.0,338.88,338.88,338.88,-338.88,0.013110723587881736,0.013141670605182032,-3.094701730029653e-05
421,,,111.3-Sick Leave Taken,,,0.0,0.0,0.0,0.0,-886.41,-886.41,-886.41,886.41,0.012888280112100735,0.012888913797131226,-6.336850304905495e-07
422,,,111.7-Holiday Taken,,,0.0,0.0,0.0,0.0,4668.6,4668.6,4668.6,-4668.6,0.013896756254400285,0.013904601434119616,-7.845179719330811e-06
423,,,113.1-Labor-Regular,,,0.0,0.0,0.0,0.0,439480.74,439480.74,439480.74,-439480.74,0.09283408842341748,0.11261021852978463,-0.019776130106367154
424,,,113.2-Annual Leave Taken,,,0.0,0.0,0.0,0.0,-25505.52,-25505.52,-25505.52,25505.52,0.00841883989873509,0.006748731311312776,0.0016701085874223148
425,,,113.3-Sick Leave Taken,,,0.0,0.0,0.0,0.0,1530.05,1530.05,1530.05,-1530.05,0.013326972798310332,0.013340279119839166,-1.3306321528834195e-05
426,,,113.7-Holiday Taken,,,0.0,0.0,0.0,0.0,24434.96,24434.96,24434.96,-24434.96,0.0174852110870836,0.01775039838774423,-0.0002651873006606284
427,,,113.A-Comp Time Taken,,,0.0,0.0,0.0,0.0,476.72,476.72,476.72,-476.72,0.013135747548496491,0.01315475683769171,-1.9009289195218507e-05
428,,,121.1-Prepd FEHB,,,0.0,0.0,0.0,0.0,-3252.9,-3252.9,-3252.9,3252.9,0.012458659156244587,0.012457590799272455,1.0683569721323116e-06
429,,,121.3-FEHB,,,0.0,0.0,0.0,0.0,24043.2,24043.2,24043.2,-24043.2,0.017414089592521526,0.017496491733679634,-8.240214115810829e-05
430,,,121.4-Medicare,,,0.0,0.0,0.0,0.0,7489.37,7489.37,7489.37,-7489.37,0.014408848806513478,0.014439688414158693,-3.0839607645214914e-05
431,,,121.5-TSP,,,0.0,0.0,0.0,0.0,23601.27,23601.27,23601.27,-23601.27,0.017333860058899364,0.01733930027682433,-5.440217924965185e-06
432,,,121.6-FERS,,,0.0,0.0,0.0,0.0,90935.31,90935.31,90935.31,-90935.31,0.029557919584380622,0.032457761950768306,-0.0028998423663876838
433,,,121.7-FEGLI,,,0.0,0.0,0.0,0.0,1002.88,1002.88,1002.88,-1002.88,0.013231268493919151,0.013246098826716861,-1.4830332797709928e-05
434,,,121.A-OASDI Employer Contrib,,,0.0,0.0,0.0,0.0,32023.45,32023.45,32023.45,-32023.45,0.018862852373252074,0.019136988386966876,-0.00027413601371480134
435,,,,,,2361991.51,0.0,0.0,0.0,0.0,0.0,0.0,2361991.51,0.013049202115354689,0.020618511785982844,-0.007569309670628155
436,NDU_CIVPAY_JFSC_26 Total,,,,,2361991.51,0.0,0.0,0.0,728038.6,728038.6,728038.6,1633952.91,0.14521990185723915,0.24112262262423484,-0.09590272076699569
437,NDU_JFSC_26,0100D_OPS_26,210.00 Trvl & Trans of Persons,,,0.0,0.0,737.18,0.0,0.0,0.0,737.18,-737.18,0.013183032377150865,0.013173886040483706,9.146336667159236e-06
438,,,,,,470000.0,0.0,0.0,0.0,0.0,0.0,0.0,470000.0,0.013049202115354689,0.016741933459539816,-0.0036927313441851278
439,NDU_JFSC_26 Total,,,,,470000.0,0.0,737.18,0.0,0.0,0.0,737.18,469262.82,0.013183032377150865,0.017708527651546936,-0.004525495274396071
440,,,,,,2831991.51,0.0,737.18,0.0,728038.6,728038.6,728775.78,2103215.73,0.14535373211903535,0.24646845760013847,-0.10111472548110312
441,NDU_CIVPAY_NWC_26,0100D_0804750JCA_26,111.1-Labor-Regular,,,0.0,0.0,0.0,0.0,32593.11,32593.11,32593.11,-32593.11,0.01896627046236845,0.019188491850914872,-0.00022222138854642234
442,,,111.2-Annual Leave Taken,,,0.0,0.0,0.0,0.0,-6594.32,-6594.32,-6594.32,6594.32,0.011852045963576604,0.01189750290279004,-4.5456939213435466e-05
443,,,111.7-Holiday Taken,,,0.0,0.0,0.0,0.0,1091.36,1091.36,1091.36,-1091.36,0.013247331465735703,0.013265397802468167,-1.8066336732463703e-05
444,,,113.1-Labor-Regular,,,0.0,0.0,0.0,0.0,342649.92,342649.92,342649.92,-342649.92,0.07525507923904118,0.08298236616300514,-0.007727286923963961
445,,,113.2-Annual Leave Taken,,,0.0,0.0,0.0,0.0,-71879.19,-71879.19,-71879.19,71879.19,0.0,0.005193824157656134,-0.005193824157656134
446,,,113.3-Sick Leave Taken,,,0.0,0.0,0.0,0.0,549.68,549.68,549.68,-549.68,0.013148992964677952,0.013149603093098967,-6.101284210149882e-07
447,,,113.5-Admin Leave Taken,,,0.0,0.0,0.0,0.0,1245.76,1245.76,1245.76,-1245.76,0.013275361787260066,0.013284587021353666,-9.225234093600265e-06
448,,,113.7-Holiday Taken,,,0.0,0.0,0.0,0.0,13771.92,13771.92,13771.92,-13771.92,0.015549405130949266,0.015575741475924302,-2.6336344975036452e-05
449,,,121.1-Prepd FEHB,,,0.0,0.0,0.0,0.0,-2712.93,-2712.93,-2712.93,2712.93,0.012556687217860586,0.012550229596755063,6.45762110552256e-06
450,,,121.3-FEHB,,,0.0,0.0,0.0,0.0,10138.71,10138.71,10138.71,-10138.71,0.014889819350732102,0.014952327888199715,-6.250853746761313e-05
451,,,121.4-Medicare,,,0.0,0.0,0.0,0.0,3653.53,3653.53,3653.53,-3653.53,0.013712476860166252,0.013722816577446213,-1.0339717279960955e-05
452,,,121.5-TSP,,,0.0,0.0,0.0,0.0,12059.57,12059.57,12059.57,-12059.57,0.01523853906189329,0.01523379612964504,4.742932248249371e-06
453,,,121.6-FERS,,,0.0,0.0,0.0,0.0,43959.98,43959.98,43959.98,-43959.98,0.021029852203467113,0.021084855440755237,-5.500323728812456e-05
454,,,121.7-FEGLI,,,0.0,0.0,0.0,0.0,456.32,456.32,456.32,-456.32,0.013132044060419438,0.013133208113798029,-1.1640533785911567e-06
455,,,121.A-OASDI Employer Contrib,,,0.0,0.0,0.0,0.0,14339.33,14339.33,14339.33,-14339.33,0.015652414747115966,0.01565308850873673,-6.737616207626307e-07
456,,,,,,1049774.0,0.0,0.0,0.0,0.0,0.0,0.0,1049774.0,0.013049202115354689,0.01356023207793144,-0.0005110299625767506
457,,0100D_0804798JCA_26,113.1-Labor-Regular,,,0.0,0.0,0.0,0.0,13921.68,13921.68,13921.68,-13921.68,0.015576593090479632,0.015591741721726986,-1.5148631247354286e-05
458,,,113.2-Annual Leave Taken,,,0.0,0.0,0.0,0.0,-6594.48,-6594.48,-6594.48,6594.48,0.011852016916611294,0.011879149157989786,-2.713224137849274e-05
459,,,121.1-Prepd FEHB,,,0.0,0.0,0.0,0.0,-88.85,-88.85,-88.85,88.85,0.013033071972430857,0.013029691265263132,3.3807071677244283e-06
460,,,121.3-FEHB,,,0.0,0.0,0.0,0.0,621.99,621.99,621.99,-621.99,0.01316212037756284,0.013161784623098569,3.357544642711846e-07
461,,,121.4-Medicare,,,0.0,0.0,0.0,0.0,219.48,219.48,219.48,-219.48,0.013089047290018984,0.013091452630371774,-2.405340352789817e-06
462,,,121.5-TSP,,,0.0,0.0,0.0,0.0,612.56,612.56,612.56,-612.56,0.013160408422044868,0.013160872756456892,-4.643344120244808e-07
463,,,121.6-FERS,,,0.0,0.0,0.0,0.0,2526.79,2526.79,2526.79,-2526.79,0.013507924499581015,0.013509466866506099,-1.5423669250842764e-06
464,,,121.7-FEGLI,,,0.0,0.0,0.0,0.0,31.04,31.04,31.04,-31.04,0.013054837226624871,0.013057117893892835,-2.2806672679634432e-06
465,,,121.A-OASDI Employer Contrib,,,0.0,0.0,0.0,0.0,900.46,900.46,900.46,-900.46,0.013212674805249945,0.01325838310854232,-4.570830329237406e-05
466,,,,,,52488.7,0.0,0.0,0.0,0.0,0.0,0.0,52488.7,0.013049202115354689,0.013229670138640322,-0.00018046802328563344
467,NDU_CIVPAY_NWC_26 Total,,,,,1102262.7,0.0,0.0,0.0,407473.42,407473.42,407473.42,694789.28,0.08702336646271043,0.08868586858031353,-0.001662502117603104
468,NDU_NWC_26,0100D_OPS_26,,,,59150.0,0.0,0.0,0.0,0.0,0.0,0.0,59150.0,0.013049202115354689,0.013562293246080083,-0.0005130911307253943
469,,0100D_PRO_DEV_26,210.00 Trvl & Trans of Persons,,,0.0,0.0,6680.18,0.0,0.0,0.0,6680.18,-6680.18,0.01426194559489237,0.014200112451727682,6.183314316468742e-05
470,,,,,,10100.0,0.0,0.0,0.0,0.0,0.0,0.0,10100.0,0.013049202115354689,0.014088372253976378,-0.0010391701386216895
471,,0100D_STD_PRAC_26,210.00 Trvl & Trans of Persons,,,0.0,0.0,283.2,0.0,0.0,0.0,283.2,-283.2,0.013100615243953779,0.013109830434594204,-9.215190640425239e-06
472,,,,,,750.0,0.0,0.0,0.0,0.0,0.0,0.0,750.0,0.013049202115354689,0.013124077500213103,-7.487538485841452e-05
473,NDU_NWC_26 Total,,,,,70000.0,0.0,6963.38,0.0,0.0,0.0,6963.38,63036.62,0.01431335872349146,0.013851954360506324,0.00046140436298513533
474,,,,,,1172262.7,0.0,6963.38,0.0,407473.42,407473.42,414436.8,757825.9,0.08828752307084721,0.08858170557664245,-0.00029418250579524297
475,,,,,,,,,,,,,,0.01339995783724059,0.013268874650753694,0.00013108318648689596
