id,age,annual income,credit score,region,account type,hdbscan label,outlier flag,probability score,probability score scaled,probability level,isolation prediction,isolation outlier flag,isolation risk score,isolation risk score scaled,isolation level,Severity Level
1,33.74204042,84301.33126,709.0227911,North,Silver,3,False,-1.0,0.0,low,1,False,-0.00040189913284705003,0.22073688913784006,low,low
2,27.64036674,39813.06005,664.974814,East,Silver,7,False,-1.0,0.0,low,1,False,-0.011913906210380576,0.17969501901989854,low,low
3,20.98450671,47298.73111,739.9038021,South,Silver,0,False,-0.6590206121654184,0.3409793878345816,low,-1,True,0.08278337848217487,0.5173037116394915,medium,low
4,42.79362253,108707.7784,761.0889978,East,Gold,9,False,-1.0,0.0,low,-1,True,0.004353288474536976,0.2376897793553567,low,low
5,30.96153849,44454.1124,688.1646083,North,Gold,10,False,-1.0,0.0,low,-1,True,0.004714825369146025,0.2389787075302139,low,low
6,50.99466137,100721.8429,665.5369278,North,Gold,10,False,-1.0,0.0,low,-1,True,0.002351971467115521,0.2305548121745498,low,low
7,29.75163869,49311.34056,644.923634,South,Silver,0,False,-1.0,0.0,low,-1,True,0.0041345680710580535,0.2369100113851611,low,low
8,30.36915929,43799.07442,618.5715486,South,Silver,0,False,-1.0,0.0,low,-1,True,0.00790478939907513,0.2503513629251849,medium,low
9,58.88029824,105440.6438,709.7437374,West,Gold,2,False,-1.0,0.0,low,1,False,-0.013948770068828775,0.17244045275498465,low,low
10,44.89830903,84857.64643,752.4205629,East,Silver,6,False,-1.0,0.0,low,1,False,-0.024186299564879665,0.13594226846134383,low,low
11,51.86288087,64727.11699,755.1244275,East,Gold,9,False,-1.0,0.0,low,-1,True,0.006723520058067645,0.24613997714845526,low,low
12,27.85465703,41111.36824,719.9030896,West,Gold,2,False,-1.0,0.0,low,-1,True,0.05141386906098522,0.40546714633363945,medium,low
13,60.28262163,88642.07088,662.4068415,North,Basic,13,False,-0.9554170091241688,0.044582990875831174,low,1,False,-0.007428162733200905,0.19568730428630543,low,low
14,35.56145243,40820.45391,673.3188121,South,Basic,4,False,-1.0,0.0,low,1,False,-0.012961986420472471,0.1759584705999689,low,low
15,46.83570759,89548.1747,707.3188045,North,Gold,10,False,-1.0,0.0,low,1,False,-0.01177852131030982,0.18017768459221895,low,low
16,50.29704257,102377.7122,711.1110425,North,Basic,13,False,-1.0,0.0,low,1,False,-0.041473759087486795,0.07431012528965741,low,low
17,38.45262852,42204.37578,651.3128065,South,Gold,5,False,-1.0,0.0,low,-1,True,0.011505669653561812,0.26318899051866673,medium,low
18,46.61129094,66007.8378,733.1656069,West,Basic,11,False,-1.0,0.0,low,1,False,-0.019451305303755217,0.15282316665445927,low,low
19,54.20567606,111568.5776,624.0482314,East,Gold,9,False,-1.0,0.0,low,1,False,-0.0029788331450062433,0.21154976908855294,low,low
20,31.28986418,50596.49816,644.069319,East,Silver,7,False,-1.0,0.0,low,1,False,-0.022841388498222592,0.14073705923467855,low,low
21,18.55842449,51296.3793,633.3410273,South,Basic,4,False,-1.0,0.0,low,-1,True,0.01718250324289672,0.28342767394593316,medium,low
22,36.33343241,63191.80938,731.8317834,East,Basic,8,False,-0.8775484603691147,0.12245153963088529,low,1,False,-0.03021200580415484,0.11445980661298057,low,low
23,27.03804204,45235.0119,642.2047399,South,Gold,5,False,-1.0,0.0,low,-1,True,0.007018325584833951,0.24719099892581387,low,low
24,48.80271156,88020.66285,703.4135591,West,Basic,11,False,-1.0,0.0,low,1,False,-0.0456263953903,0.05950541238084428,low,low
25,51.96673308,102745.2998,609.710187,East,Gold,9,False,-1.0,0.0,low,-1,True,0.002349154246517382,0.23054476840015808,low,low
26,52.87357058,72529.5547,666.4360457,East,Silver,6,False,-0.9294553804408335,0.07054461955916647,low,1,False,-0.02248631352960484,0.14200294976497385,low,low
27,59.79020484,106111.4577,645.1813469,East,Silver,6,False,-0.673707643459242,0.32629235654075806,low,1,False,-0.02390654916674939,0.13693961665859364,low,low
28,38.72901582,68316.1216,682.646414,North,Silver,3,False,-1.0,0.0,low,1,False,-0.00233297434367713,0.21385234351021132,low,low
29,56.41156887,54585.5249,709.1342498,West,Basic,11,False,-1.0,0.0,low,-1,True,0.0009632407326118919,0.22560379832870847,low,low
30,78.31262071,253359.2541,503.028736,North,Basic,-1,True,-0.0,1.0,high,-1,True,0.1756680868653886,0.8484503233234291,high,high
31,28.93633516,46991.84529,679.4010634,West,Gold,2,False,-1.0,0.0,low,-1,True,0.00775583594575191,0.24982032361607598,low,low
32,32.98070277,44674.85888,584.3426812,West,Basic,12,False,-1.0,0.0,low,-1,True,0.03716585807252415,0.3546710503541093,medium,low
33,32.44312708,47173.14001,688.5680194,South,Gold,5,False,-1.0,0.0,low,-1,True,0.013992972182508834,0.2720565621462324,medium,low
34,81.80911232,245425.507,522.3417971,North,Silver,3,False,-0.1264326401323256,0.8735673598676744,low,-1,True,0.18240142485543487,0.8724555885553271,high,low
35,45.70979471,74403.89436,726.6735573,West,Silver,1,False,-1.0,0.0,low,1,False,-0.017843732518262823,0.15855438216040496,low,low
36,22.92527091,41122.93617,605.0507029,West,Silver,1,False,-0.4261244127563838,0.5738755872436162,low,-1,True,0.07184208289375149,0.47829650555998576,medium,low
37,35.6898953,46640.63291,620.0373706,North,Basic,14,False,-0.6886803017678461,0.3113196982321539,low,1,False,-0.003110638457377357,0.21107986523297356,low,low
38,24.03204039,38699.89913,637.9922505,East,Basic,8,False,-0.8775484603691147,0.12245153963088529,low,1,False,-0.008072064673143309,0.19339170634149694,low,low
39,46.87232275,80042.5979,707.920272,North,Gold,10,False,-1.0,0.0,low,1,False,-0.019394279654683266,0.15302647084519158,low,low
40,46.5342278,71505.54456,675.8933458,West,Basic,11,False,-1.0,0.0,low,1,False,-0.03515087582376902,0.09685206362696516,low,low
41,69.86431526,111602.3795,668.2472315,South,Gold,5,False,-0.8302160824236923,0.16978391757630773,low,-1,True,0.04727287996461227,0.3907039572990507,medium,low
42,52.12355704,118449.2311,684.3328706,North,Gold,10,False,-1.0,0.0,low,-1,True,0.015102667848535756,0.2760127780422773,medium,low
43,32.7437256,49059.77394,649.5103125,South,Silver,0,False,-1.0,0.0,low,-1,True,0.0027427850165826495,0.23194811560370282,low,low
44,38.19406777,70515.40269,776.6931237,North,Silver,3,False,-0.9787524549839859,0.021247545016014113,low,-1,True,0.04357346869695933,0.37751505324980206,medium,low
45,35.85500497,49651.97406,640.3618314,North,Silver,3,False,-1.0,0.0,low,-1,True,0.02044569774319427,0.2950614059223634,medium,low
46,45.73199174,96011.23608,719.4109659,West,Gold,2,False,-1.0,0.0,low,1,False,-0.004374629812140374,0.20657356423237522,low,low
47,29.93502764,53358.00078,669.9801099,South,Basic,4,False,-1.0,0.0,low,1,False,-0.02478689847540111,0.13380105170282533,low,low
48,24.64553746,40126.74851,617.3167901,South,Silver,0,False,-1.0,0.0,low,-1,True,0.04359906665268809,0.3776063134416373,medium,low
49,22.73379294,48327.48187,654.9552362,North,Gold,10,False,-1.0,0.0,low,-1,True,0.027460479796517223,0.3200700574979869,medium,low
50,20.83787017,45528.92955,596.539178,North,Basic,14,False,-0.5211272186722379,0.4788727813277621,low,-1,True,0.05545415973712542,0.4198713318116425,medium,low
51,37.04899435,77966.27849,772.5111578,South,Gold,5,False,-0.7017646476536987,0.2982353523463013,low,-1,True,0.04398282321518787,0.37897445775295907,medium,low
52,40.16309428,85129.76014,732.2187966,North,Silver,3,False,-1.0,0.0,low,1,False,-0.0015319149845610114,0.21670822901759315,low,low
53,59.78724045,106326.0264,700.256794,East,Gold,9,False,-1.0,0.0,low,1,False,-0.02042937377865056,0.14933621958756188,low,low
54,41.35990932,97608.68346,641.2629073,West,Basic,11,False,-0.7978117625195186,0.20218823748048143,low,-1,True,0.0019540535860484987,0.22913618083751466,low,low
55,48.35366619,86039.0095,693.6898194,West,Basic,11,False,-1.0,0.0,low,1,False,-0.04499721062545775,0.061748541595839146,low,low
56,59.46485977,114256.0089,630.6852861,South,Gold,5,False,-1.0,0.0,low,-1,True,0.00952718067186964,0.2561354083527161,medium,low
57,34.51702994,41473.4737,565.1060211,East,Basic,8,False,-0.7798042230128012,0.22019577698719883,low,-1,True,0.01178283743468811,0.2641771313352289,medium,low
58,33.00249258,41247.42616,643.1380696,West,Basic,12,False,-1.0,0.0,low,1,False,-0.0019268365684419475,0.21530027988732858,low,low
59,48.96692529,91516.80891,725.0806466,North,Silver,3,False,-0.8231583297717169,0.17684167022828312,low,-1,True,0.0023359644037722616,0.23049774481780833,low,low
60,27.40431349,50838.5589,653.8807826,North,Silver,3,False,-1.0,0.0,low,-1,True,0.028259293349527814,0.32291793640131855,medium,low
61,45.23050753,84408.39923,773.9869103,East,Basic,8,False,-1.0,0.0,low,1,False,-0.022705178393331027,0.14122266677435952,low,low
62,58.16699144,112951.8259,712.4291019,West,Silver,1,False,-0.4168772205412718,0.5831227794587281,low,-1,True,0.019703248733968337,0.2924144742795474,medium,low
63,31.98282253,52028.3607,695.8126367,South,Silver,0,False,-1.0,0.0,low,-1,True,0.01731385254594775,0.2838959520662987,medium,low
64,20.24010951,47239.9847,621.5578722,West,Gold,2,False,-1.0,0.0,low,-1,True,0.06840215908584035,0.4660327095781862,medium,low
65,57.98714059,99683.60684,647.1488367,South,Gold,5,False,-1.0,0.0,low,1,False,-0.001585831874182153,0.21651600797689272,low,low
66,32.96192621,46069.74145,719.6138518,North,Gold,10,False,-1.0,0.0,low,-1,True,0.02044287530611033,0.29505134355049073,medium,low
67,43.47036759,118977.121,640.6103419,North,Silver,3,False,-0.6984199187574591,0.3015800812425409,low,-1,True,0.03763081009299307,0.3563286675104087,medium,low
68,51.45457476,80870.07125,690.733967,West,Silver,1,False,-1.0,0.0,low,1,False,-0.012935576207706467,0.17605262659855625,low,low
69,47.31480488,68081.89957,770.3763436,West,Gold,2,False,-1.0,0.0,low,-1,True,0.033439014186603,0.34138434529167705,medium,low
70,36.44101779,41470.42316,645.6933171,North,Silver,3,False,-1.0,0.0,low,-1,True,0.026335750528362678,0.3160602447667619,medium,low
71,21.1561415,43662.29906,680.4263988,West,Silver,1,False,-0.4261244127563838,0.5738755872436162,low,-1,True,0.052111951101272536,0.4079559037011582,medium,low
72,54.9236972,85237.63367,719.1511688,South,Basic,4,False,-1.0,0.0,low,1,False,-0.017395013442887464,0.16015412666081782,low,low
73,45.20050392,116115.8111,635.5225589,North,Gold,10,False,-1.0,0.0,low,-1,True,0.039511593292331004,0.3630339152806153,medium,low
74,48.64220903,100947.5843,653.6178353,North,Basic,13,False,-0.7240465479328961,0.27595345206710387,low,1,False,-0.02695686311241058,0.12606483279739444,low,low
75,46.20633028,97543.90822,642.7676805,South,Gold,5,False,-0.8705248981138366,0.1294751018861634,low,1,False,-0.004363338252325766,0.20661382017803429,low,low
76,40.72483352,78929.39715,702.5621572,West,Basic,11,False,-1.0,0.0,low,1,False,-0.04260292671302085,0.07028448921104563,low,low
77,30.11388984,49096.97363,620.3881743,South,Basic,4,False,-1.0,0.0,low,1,False,-0.015703334295982863,0.16618519277820978,low,low
78,29.0731973,47631.02846,652.4138339,South,Basic,4,False,-1.0,0.0,low,1,False,-0.02553975109355372,0.13111702977996947,low,low
79,81.63482665,250739.5937,511.2155758,West,Silver,1,False,-0.07863579203028669,0.9213642079697133,low,-1,True,0.1947577197081256,0.9165074593600988,high,low
80,31.34705815,41852.37228,726.4807545,East,Gold,9,False,-1.0,0.0,low,-1,True,0.010311993719899992,0.25893337355263224,medium,low
81,34.69425884,45882.39518,582.6641263,South,Basic,4,False,-1.0,0.0,low,-1,True,0.013982664241883103,0.2720198129366901,medium,low
82,65.55068378,105074.7915,700.3410848,South,Silver,0,False,-1.0,0.0,low,-1,True,0.019345870354937955,0.29114037177801666,medium,low
83,30.77167768,42677.16034,731.1628888,North,Silver,3,False,-0.7108702065599022,0.2891297934400978,low,-1,True,0.04121620101502532,0.36911107352814565,medium,low
84,29.32177731,55695.77556,607.4246676,South,Silver,0,False,-1.0,0.0,low,-1,True,0.03374238088893955,0.3424658888237084,medium,low
85,38.29780638,40579.95497,755.5415521,West,Silver,1,False,-0.5036570533827971,0.4963429466172029,low,-1,True,0.05990975752396621,0.435756143594132,medium,low
86,66.81870058,103360.8223,681.7397158,East,Silver,6,False,-0.673707643459242,0.32629235654075806,low,1,False,-0.016658510241538804,0.16277986069030698,low,low
87,57.06290811,100514.3238,682.1405421,East,Basic,8,False,-0.6614548179355814,0.33854518206441864,low,1,False,-0.056837794146051224,0.019535251793297237,low,low
88,52.62111709,118562.1871,679.972407,West,Gold,2,False,-1.0,0.0,low,1,False,-0.003094572082792957,0.21113714404235218,low,low
89,51.76072178,92800.40113,710.0108774,North,Silver,3,False,-0.7351620230405156,0.2648379769594844,low,1,False,-0.0077114297626845185,0.19467741882024714,low,low
90,28.69868039,46388.75873,622.5196303,South,Gold,5,False,-1.0,0.0,low,-1,True,0.004781030267763442,0.23921473699335855,low,low
91,55.74626449,110550.4673,671.1068354,South,Gold,5,False,-1.0,0.0,low,1,False,-0.012232745060087535,0.1785583151792829,low,low
92,27.6079106,47312.31923,662.0272166,East,Silver,7,False,-1.0,0.0,low,1,False,-0.014524236849442818,0.17038883545592617,low,low
93,37.9235719,87380.10727,761.3817329,West,Basic,11,False,-0.8107809137273908,0.1892190862726092,low,-1,True,0.002162543711538234,0.22987947647602433,low,low
94,51.44838222,116463.7128,680.9659876,North,Gold,10,False,-1.0,0.0,low,-1,True,0.0043353416220146546,0.23762579638650635,low,low
95,36.05083708,70075.18047,727.4694477,South,Gold,5,False,-1.0,0.0,low,-1,True,0.01370147452038728,0.27101733335598743,medium,low
96,52.13425861,123257.4692,676.0189999,North,Basic,13,False,-1.0,0.0,low,-1,True,0.012123304251870692,0.2653909418198964,medium,low
97,40.58250426,69963.49108,707.6159089,South,Silver,0,False,-1.0,0.0,low,-1,True,0.005180546614551029,0.2406390670779752,low,low
98,31.18650923,45608.60391,660.1031094,North,Silver,3,False,-1.0,0.0,low,-1,True,0.02338557950265796,0.3055424840281515,medium,low
99,56.38102548,88088.38235,764.255505,North,Gold,10,False,-1.0,0.0,low,-1,True,0.05300853513821979,0.4111523476701705,medium,low
100,30.54324186,53629.43712,710.1327408,East,Silver,7,False,-0.6957247756688253,0.3042752243311747,low,1,False,-0.013313229129970239,0.17470624259437512,low,low
101,54.9505487,82044.79709,759.3734104,West,Gold,2,False,-1.0,0.0,low,-1,True,0.006228257280735061,0.24437429802363927,low,low
102,53.94748022,106618.6664,662.4111701,West,Basic,11,False,-0.5375326453934577,0.4624673546065423,low,1,False,-0.015363321521331685,0.16739738453953246,low,low
103,76.71030179,259819.9053,495.0150928,South,Basic,4,False,-0.18386082217972957,0.8161391778202705,low,-1,True,0.18916874056414268,0.8965819889730202,high,low
104,54.67166885,80917.14232,744.7293717,North,Gold,10,False,-1.0,0.0,low,-1,True,0.01958279703113952,0.29198504758534105,medium,low
105,41.01170656,67545.83329,730.3184796,West,Silver,1,False,-0.8424487501156978,0.15755124988430225,low,1,False,-0.007633705920516598,0.19495451488297877,low,low
106,68.18571871,123216.3765,666.2771265,South,Silver,0,False,-0.8036066508566478,0.19639334914335216,low,-1,True,0.04337391915225264,0.3768036319971232,medium,low
107,45.70090195,104840.3975,682.7991544,West,Basic,11,False,-1.0,0.0,low,1,False,-0.031381212873348274,0.11029142447495488,low,low
108,82.08213622,251856.0894,493.5985178,South,Gold,5,False,-0.16024968105118176,0.8397503189488182,low,-1,True,0.1709029845359542,0.8314620857740433,high,low
109,54.61396353,97656.3508,665.8057413,West,Silver,1,False,-0.6734363924574176,0.3265636075425824,low,-1,True,0.002351094195526149,0.2305516845820816,low,low
110,60.41306273,102538.7808,727.2806259,East,Gold,9,False,-1.0,0.0,low,1,False,-0.01721271495440141,0.16080404555304498,low,low
111,60.32185069,117913.5675,716.6117997,West,Gold,2,False,-1.0,0.0,low,-1,True,0.011354041797961623,0.26264841660189514,medium,low
112,42.98494277,68456.50447,778.6707658,North,Basic,13,False,-0.5874347759966696,0.4125652240033304,low,-1,True,0.02706543144107565,0.3186616564098759,medium,low
113,60.36149045,119209.1392,626.3531271,West,Basic,11,False,-0.4231857179774841,0.576814282022516,low,-1,True,0.029416091807128897,0.3270420801522509,medium,low
114,32.50812062,44431.3473,697.7234369,South,Basic,4,False,-1.0,0.0,low,1,False,-0.009648661424423832,0.1877709246082488,low,low
115,54.58869878,97865.46885,695.339631,East,Gold,9,False,-1.0,0.0,low,1,False,-0.030403349203599994,0.1137776413836628,low,low
116,28.26397909,41847.42168,661.3723573,North,Basic,14,False,-1.0,0.0,low,1,False,-0.012931969238054175,0.17606548593568067,low,low
117,39.86595729,84483.7959,674.5409541,West,Silver,1,False,-0.8991343406812345,0.10086565931876545,low,1,False,-0.021781611150318736,0.14451530954096012,low,low
118,29.33811401,43143.14196,592.6014614,South,Silver,0,False,-1.0,0.0,low,-1,True,0.03210818399779669,0.3366397547619667,medium,low
119,50.25792533,118848.8795,639.0896789,East,Silver,6,False,-0.673707643459242,0.32629235654075806,low,1,False,-0.005934500199141157,0.20101241426148536,low,low
120,36.73144638,46858.13471,615.4362758,South,Basic,4,False,-1.0,0.0,low,1,False,-0.007042422748208266,0.19706251976843114,low,low
121,53.71116122,119281.3128,774.2024238,South,Gold,5,False,-0.937145327150182,0.06285467284981805,low,-1,True,0.04461882067696954,0.38124187515862806,medium,low
122,29.58443847,45435.0461,558.0300449,North,Silver,3,False,-0.7003127260644983,0.29968727393550165,low,-1,True,0.08922372524176314,0.5402644233069969,medium,low
123,45.92606992,74464.4731,746.7643637,West,Basic,11,False,-0.8343900152999887,0.16560998470001131,low,1,False,-0.018595823268580614,0.15587307639994485,low,low
124,29.62168269,40958.12888,647.765302,West,Basic,12,False,-1.0,0.0,low,-1,True,0.0006001262517774109,0.22430924584450818,low,low
125,38.58865025,42251.23924,638.4806453,North,Gold,10,False,-1.0,0.0,low,-1,True,0.029774788171348154,0.32832088145014054,medium,low
126,49.34323941,90247.00953,714.2863062,North,Gold,10,False,-1.0,0.0,low,1,False,-0.010124324298137144,0.18607512180415156,low,low
127,46.86606474,80658.29234,714.6945212,North,Gold,10,False,-1.0,0.0,low,1,False,-0.018845759253566907,0.1549820206383804,low,low
128,38.86157654,88942.50034,732.3129016,South,Basic,4,False,-1.0,0.0,low,1,False,-0.009587013344296735,0.18799070839404358,low,low
129,57.37233463,112336.2611,646.1414927,East,Silver,6,False,-0.673707643459242,0.32629235654075806,low,1,False,-0.023560462811342442,0.1381734615609238,low,low
130,41.3188585,84394.54031,623.3468886,East,Gold,9,False,-1.0,0.0,low,1,False,-0.0074790087623418655,0.19550603128065477,low,low
131,53.70350614,91915.78444,702.9263236,West,Gold,2,False,-1.0,0.0,low,1,False,-0.026653284997017357,0.12714713004571127,low,low
132,46.53256813,81343.65905,738.5463072,North,Basic,13,False,-0.8118354922239726,0.18816450777602745,low,1,False,-0.033690800019591016,0.10205743234449914,low,low
133,32.80388586,37052.15199,676.6081474,East,Gold,9,False,-1.0,0.0,low,1,False,-0.0010942284032613991,0.21826864117692213,low,low
134,23.2584377,46935.10654,592.4365372,North,Gold,10,False,-1.0,0.0,low,-1,True,0.05983709185017827,0.43549708058925796,medium,low
135,63.16605409,110306.0965,574.1633321,South,Silver,0,False,-0.8036066508566478,0.19639334914335216,low,-1,True,0.07786250401933958,0.49976012525962177,medium,low
136,31.37229962,35840.85281,716.0279876,North,Basic,14,False,-0.9946006825112373,0.005399317488762656,low,-1,True,0.006240503896365435,0.24441795887310722,low,low
137,56.6709604,110513.3122,660.467027,South,Basic,4,False,-1.0,0.0,low,1,False,-0.01853835025643985,0.15607797550082986,low,low
138,44.6707114,117814.8522,690.5443125,West,Gold,2,False,-1.0,0.0,low,-1,True,0.005350873326436689,0.24124630495923655,low,low
139,26.28723237,51434.82079,583.9569764,West,Silver,1,False,-0.4261244127563838,0.5738755872436162,low,-1,True,0.07933062040362704,0.5049941597382435,medium,low
140,46.80926846,75003.89274,761.0642276,East,Gold,9,False,-1.0,0.0,low,1,False,-0.009359651402664704,0.18880128462244392,low,low
141,22.51205841,41075.76513,602.1350886,North,Gold,10,False,-1.0,0.0,low,-1,True,0.05776894369302821,0.42812385127496544,medium,low
142,30.09680664,49418.2678,603.0833374,West,Gold,2,False,-1.0,0.0,low,-1,True,0.049673003721514175,0.3992607247536151,medium,low
143,43.91370974,87197.20763,688.7449468,South,Silver,0,False,-1.0,0.0,low,1,False,-0.0062609501432035475,0.19984857583487725,low,low
144,58.80840437,107213.9766,612.9466795,South,Silver,0,False,-1.0,0.0,low,-1,True,0.030236374488896156,0.3299664994180095,medium,low
145,37.95169184,78984.10791,687.5989411,West,Basic,11,False,-0.969105163548949,0.030894836451050955,low,1,False,-0.03442666221355439,0.09943398359347395,low,low
146,56.35555003,111582.0019,674.0575655,East,Basic,8,False,-0.6614548179355814,0.33854518206441864,low,1,False,-0.047656044498600725,0.052269437409074054,low,low
147,48.20668925,76703.72725,747.469981,North,Basic,13,False,-0.7449331631098689,0.2550668368901311,low,1,False,-0.014585782886113674,0.17016941546892417,low,low
148,59.60987967,126086.3202,677.6517369,South,Basic,4,False,-1.0,0.0,low,-1,True,0.0176717600995554,0.28517194114713085,medium,low
149,39.79968141,91021.91402,795.7495222,East,Silver,6,False,-0.7291218168036034,0.27087818319639656,low,-1,True,0.025472295125467337,0.3129819088814909,medium,low
150,49.71331189,99637.6361,690.9455495,South,Basic,4,False,-1.0,0.0,low,1,False,-0.031813856167152876,0.10874899232110571,low,low
151,55.56437378,105199.47,750.0948413,South,Gold,5,False,-1.0,0.0,low,-1,True,0.009963136525970362,0.25768965023431434,medium,low
152,27.15772073,42445.23359,557.7926691,East,Basic,8,False,-0.8775484603691147,0.12245153963088529,low,-1,True,0.02438836521468013,0.3091175514053477,medium,low
153,34.05384143,42338.13702,643.1126685,East,Gold,9,False,-1.0,0.0,low,1,False,-0.010104780345410791,0.18614479865233138,low,low
154,65.97506069,104105.8632,708.2671819,North,Silver,3,False,-0.7027435169663363,0.2972564830336637,low,-1,True,0.0363452223850681,0.35174537257508426,medium,low
155,23.29317186,50314.32484,669.6857784,West,Basic,12,False,-1.0,0.0,low,-1,True,0.02344470992078751,0.3057532920066862,medium,low
156,42.73548578,73545.75713,751.9292015,East,Basic,8,False,-1.0,0.0,low,1,False,-0.03607918331058835,0.09354252124682666,low,low
157,68.25895272,92913.70364,711.5030314,South,Silver,0,False,-1.0,0.0,low,-1,True,0.036015519257623585,0.35056993610749687,medium,low
158,29.84745575,52692.55575,611.9523817,North,Basic,14,False,-0.9748832504355321,0.025116749564467855,low,-1,True,0.012018383357243034,0.2650168845681101,medium,low
159,63.92263516,108326.3747,748.7683077,East,Basic,8,False,-0.6614548179355814,0.33854518206441864,low,1,False,-0.004848571381596722,0.20488389811193983,low,low
160,28.19165844,49731.02744,662.0045562,North,Basic,14,False,-1.0,0.0,low,1,False,-0.02004412180213133,0.15070969525314235,low,low
161,24.10008953,53985.83469,638.6945906,East,Basic,8,False,-0.8775484603691147,0.12245153963088529,low,1,False,-0.011162405563893862,0.18237422097998496,low,low
162,31.49904176,51335.68979,672.6352995,East,Basic,8,False,-0.8775484603691147,0.12245153963088529,low,1,False,-0.039700340194605055,0.08063260471276337,low,low
163,44.34687791,84720.60649,736.7924872,North,Gold,10,False,-1.0,0.0,low,-1,True,0.0002071885796874895,0.22290836962946192,low,low
164,45.47698032,84710.79403,700.2847499,West,Basic,11,False,-1.0,0.0,low,1,False,-0.04779893877932112,0.0517599998739488,low,low
165,35.07507468,36350.7377,596.2548574,East,Silver,7,False,-1.0,0.0,low,-1,True,0.0066189036250077216,0.24576700534354498,low,low
166,66.10041021,123499.0448,607.4255789,East,Silver,6,False,-0.45594765041181573,0.5440523495881843,low,-1,True,0.04082567063314513,0.36771877962993244,medium,low
167,52.6678883,107598.466,711.8685516,East,Silver,6,False,-0.6249710261386029,0.3750289738613971,low,1,False,-0.040271699860328525,0.0785956298365911,low,low
168,47.67748947,97356.2086,796.7590436,South,Gold,5,False,-0.8861938105211191,0.11380618947888088,low,-1,True,0.04789216316334033,0.39291178608487753,medium,low
169,41.28445241,123037.7831,719.5972395,South,Silver,0,False,-1.0,0.0,low,-1,True,0.021415209804782065,0.298517848212702,medium,low
170,37.86149997,66849.38858,760.9661534,West,Silver,1,False,-0.8106140622456348,0.18938593775436519,low,-1,True,0.03598173840484342,0.35044950277532994,medium,low
171,46.88189141,76411.76047,705.0604568,South,Silver,0,False,-1.0,0.0,low,1,False,-0.004043282296216644,0.2077548631684212,low,low
172,44.1435536,85389.99004,683.3409892,West,Gold,2,False,-1.0,0.0,low,1,False,-0.013109086592470787,0.17543403849070938,low,low
173,29.90446804,48770.20822,699.7856709,North,Basic,14,False,-1.0,0.0,low,1,False,-0.01842114448939397,0.1564958299927332,low,low
174,62.47425249,120878.3424,729.7881053,East,Silver,6,False,-0.5541436371780132,0.4458563628219868,low,-1,True,0.005121765711511572,0.24042950516824801,low,low
175,43.9363028,81469.02534,735.5591288,South,Silver,0,False,-1.0,0.0,low,-1,True,0.008330862703377795,0.25187037217336705,medium,low
176,62.47398874,120626.1017,725.474345,West,Gold,2,False,-1.0,0.0,low,-1,True,0.0366846968515403,0.3529556451945739,medium,low
177,51.54048934,123899.7425,694.5488307,North,Gold,10,False,-1.0,0.0,low,-1,True,0.03469431331700179,0.345859657330838,medium,low
178,49.73583049,110070.4769,749.9315838,North,Basic,13,False,-0.632976571851654,0.367023428148346,low,-1,True,0.0005111233275917337,0.2239919383211594,low,low
179,41.95615626,78818.84161,753.1047097,South,Gold,5,False,-1.0,0.0,low,-1,True,0.018716584415867765,0.288896881863146,medium,low
180,58.47936196,113764.9293,714.9685104,North,Silver,3,False,-0.7311229105475435,0.2688770894524565,low,-1,True,0.01555244164397429,0.2776162827630889,medium,low
181,83.43556869,250493.7164,531.0594419,West,Basic,-1,True,-0.0,1.0,high,-1,True,0.1578037209536891,0.7847614304527655,high,high
182,55.05540503,99523.56306,656.6390149,North,Basic,13,False,-1.0,0.0,low,1,False,-0.021683312171362823,0.14486575876322547,low,low
183,43.9484279,83632.03886,715.5659607,South,Basic,4,False,-1.0,0.0,low,1,False,-0.02175583565760364,0.14460720267628518,low,low
184,23.83238028,46097.40421,650.8897895,West,Silver,1,False,-0.4261244127563838,0.5738755872436162,low,-1,True,0.047590800213393014,0.39183738620249425,medium,low
185,32.67714678,32613.51118,623.5136264,South,Silver,0,False,-1.0,0.0,low,-1,True,0.03676364560165557,0.35323710822064586,medium,low
186,60.45043947,111494.277,692.0523265,East,Silver,6,False,-0.673707643459242,0.32629235654075806,low,1,False,-0.03633343117888188,0.09263609303513534,low,low
187,48.69269346,85121.47828,652.0306972,South,Basic,4,False,-1.0,0.0,low,1,False,-0.027211328760459952,0.12515762817126963,low,low
188,40.7304947,71266.707,739.8255708,North,Basic,13,False,-0.666763786749488,0.333236213250512,low,1,False,-0.016110561683703117,0.1647333717844666,low,low
189,31.95363402,36352.75519,646.0316308,East,Silver,7,False,-1.0,0.0,low,1,False,-0.016063788938968038,0.16490012297750772,low,low
190,45.23957887,70765.30194,708.7427802,East,Gold,9,False,-1.0,0.0,low,1,False,-0.02678859773503922,0.12666472174090448,low,low
191,61.06920255,103399.7025,656.2420773,South,Silver,0,False,-1.0,0.0,low,-1,True,0.007584325567816408,0.2492088658044451,low,low
192,42.02011852,77983.65525,738.4013976,North,Basic,13,False,-0.8347470613159524,0.16525293868404756,low,1,False,-0.024457538533486978,0.1349752646673459,low,low
193,39.91092665,43778.8392,558.3432008,East,Basic,8,False,-0.6098311031482779,0.39016889685172207,low,-1,True,0.015599376392446018,0.27778361152147324,medium,low
194,60.42656606,102269.2504,659.5014416,South,Gold,5,False,-1.0,0.0,low,-1,True,0.001629802484019005,0.22798018158165378,low,low
195,86.06413521,251440.2772,474.9738794,East,Basic,8,False,-0.11826920466153833,0.8817307953384617,low,-1,True,0.16153926792035567,0.7980791631811097,high,low
196,81.56886618,252389.5771,459.8973204,North,Gold,10,False,-0.16358820217440254,0.8364117978255975,low,-1,True,0.19960626947931748,0.933793198382791,high,low
197,52.32514558,115824.086,740.4347406,North,Gold,10,False,-1.0,0.0,low,-1,True,0.029740075180237135,0.3281971249181137,medium,low
198,51.1258155,75537.24264,670.0488834,West,Basic,11,False,-1.0,0.0,low,1,False,-0.03137462721374368,0.11031490324666797,low,low
199,34.38757823,80438.93139,683.8612772,North,Silver,3,False,-1.0,0.0,low,-1,True,4.815866483898201e-05,0.22234140636526992,low,low
200,49.09937232,76220.58562,754.7740011,West,Gold,2,False,-1.0,0.0,low,-1,True,0.004010584460925726,0.23646799296130738,low,low
201,36.87919468,71515.94879,745.3743691,South,Silver,0,False,-0.9000427843056518,0.09995721569434823,low,-1,True,0.03670388728025065,0.3530240616815803,medium,low
202,47.02758125,97138.75737,710.1962527,North,Basic,13,False,-0.945755532028768,0.05424446797123195,low,1,False,-0.040852792047434194,0.07652395719869945,low,low
203,51.48584268,76659.96634,746.7589206,South,Gold,5,False,-1.0,0.0,low,-1,True,0.009752491729428048,0.2569386729006066,medium,low
204,78.88434097,250915.3635,492.5433411,East,Gold,9,False,-0.2142111109700391,0.7857888890299609,low,-1,True,0.12514023934970642,0.6683116784189393,medium,low
205,29.99554807,34471.65416,690.7063202,East,Silver,7,False,-0.9005883791815724,0.09941162081842758,low,-1,True,0.005346133201397207,0.24122940576912114,low,low
206,74.46797913,243997.374,518.3537108,North,Gold,10,False,-0.19389197951400908,0.806108020485991,low,-1,True,0.17489725480384966,0.8457022022408622,high,low
207,27.05118767,47524.80587,680.8790972,West,Gold,2,False,-1.0,0.0,low,-1,True,0.01575653274646749,0.27834389528663406,medium,low
208,43.57407436,79292.95748,761.9087186,North,Gold,10,False,-1.0,0.0,low,-1,True,0.02598092076513714,0.3147952284270219,medium,low
209,54.00543852,104694.7771,736.4912252,West,Basic,11,False,-0.5340836810294155,0.4659163189705845,low,1,False,-0.022667026673730217,0.14135868284089653,low,low
210,29.0357227,34331.92288,676.1882281,West,Basic,12,False,-1.0,0.0,low,-1,True,0.009907682841495125,0.25749195031105454,medium,low
211,48.75977519,89048.13542,702.9837971,West,Silver,1,False,-1.0,0.0,low,1,False,-0.029082995344283213,0.11848488237464146,low,low
212,54.58555446,90746.33315,695.5754614,West,Gold,2,False,-1.0,0.0,low,1,False,-0.027250056814063173,0.12501955739566994,low,low
213,62.15136112,99040.21538,661.8003049,North,Basic,13,False,-0.6331427392041975,0.3668572607958025,low,-1,True,0.00459498416416515,0.2385514573438236,low,low
214,63.04418752,121260.7351,687.6720867,South,Gold,5,False,-1.0,0.0,low,-1,True,0.027880115935561944,0.3215661173769874,medium,low
215,44.70598624,77222.56185,686.8428306,East,Silver,6,False,-1.0,0.0,low,1,False,-0.04859639685246936,0.04891695344058386,low,low
216,28.90252748,43636.4841,608.3947574,West,Gold,2,False,-1.0,0.0,low,-1,True,0.05014092983785845,0.4009289449659944,medium,low
217,52.42587797,104565.2873,647.2660841,West,Gold,2,False,-1.0,0.0,low,-1,True,0.007761206119153541,0.24983946901424817,low,low
218,36.48442596,54177.4778,676.7767277,West,Gold,2,False,-1.0,0.0,low,-1,True,0.006999203764638584,0.24712282703748967,low,low
219,22.99287665,43998.30158,640.8078427,East,Basic,8,False,-0.8775484603691147,0.12245153963088529,low,1,False,-0.003067663866814452,0.2112330754900882,low,low
220,52.04252429,101713.9814,682.0188098,North,Basic,13,False,-1.0,0.0,low,1,False,-0.03623043666558562,0.09300328247561224,low,low
221,31.10840919,39548.2448,603.6325172,East,Silver,7,False,-1.0,0.0,low,1,False,-0.00507909403161666,0.20406205352848522,low,low
222,47.18477426,81026.30401,695.7460709,North,Basic,13,False,-0.8347470613159524,0.16525293868404756,low,1,False,-0.04656132721164602,0.056172253347638146,low,low
223,48.77482911,90094.01208,696.2749226,East,Silver,6,False,-1.0,0.0,low,1,False,-0.05103415919601528,0.04022599930822618,low,low
224,51.47727507,79459.98701,747.568987,West,Gold,2,False,-1.0,0.0,low,-1,True,0.00011610872638256886,0.22258365757147536,low,low
225,45.38626557,72523.14192,680.4533016,West,Basic,11,False,-0.9659224830593582,0.03407751694064176,low,1,False,-0.042075055395661365,0.07216642221370465,low,low
226,53.82219215,118025.3759,662.65286,West,Silver,1,False,-0.4666509842616084,0.5333490157383916,low,-1,True,0.026090783790369,0.3151869050462215,medium,low
227,27.39513832,46258.33234,606.8806042,South,Gold,5,False,-1.0,0.0,low,-1,True,0.02143487665903998,0.29858796322154846,medium,low
228,58.7003378,121738.1077,570.4659918,West,Basic,-1,True,-0.0,1.0,high,-1,True,0.056924202798646184,0.4251122351565041,medium,medium
229,40.31897776,33535.50673,675.4565144,West,Silver,1,False,-0.5190674207501208,0.4809325792498792,low,-1,True,0.025012725851043194,0.31134348194654554,medium,low
230,55.28539712,105235.6445,629.0576844,South,Gold,5,False,-1.0,0.0,low,1,False,-0.0013414683140076655,0.21738719728651465,low,low
231,34.87891313,42191.05089,610.1593637,North,Gold,10,False,-1.0,0.0,low,-1,True,0.041950847742057706,0.37173018897433713,medium,low
232,38.26800455,82627.85897,757.4581216,West,Silver,1,False,-0.8631385058781946,0.13686149412180537,low,-1,True,0.014744254322155537,0.27473498509973143,medium,low
233,24.31431606,43098.80728,673.7251261,North,Gold,10,False,-1.0,0.0,low,-1,True,0.025873610938345504,0.3144126543073312,medium,low
234,37.92897559,83789.42268,685.305821,West,Gold,2,False,-1.0,0.0,low,1,False,-0.002858525141122281,0.21197868347648713,low,low
235,23.97890077,53771.85376,720.6464351,East,Basic,8,False,-0.8775484603691147,0.12245153963088529,low,-1,True,0.006449921272137615,0.2451645602849197,low,low
236,27.15263865,53560.32694,656.2737593,South,Basic,4,False,-1.0,0.0,low,1,False,-0.018957402213077512,0.15458399831152142,low,low
237,29.01986344,41455.38109,638.0115505,South,Gold,5,False,-1.0,0.0,low,-1,True,0.006979496703106047,0.2470525686842436,low,low
238,39.74206543,63986.22157,675.1314636,West,Basic,11,False,-0.7875526362983072,0.21244736370169282,low,1,False,-0.029443195110611387,0.11720072124386832,low,low
239,36.18954947,79881.88631,696.1169677,East,Basic,8,False,-1.0,0.0,low,1,False,-0.052271426251262076,0.03581497406817513,low,low
240,42.81566237,114948.8097,662.9531724,South,Silver,0,False,-1.0,0.0,low,-1,True,0.002738387680101151,0.23193243850139364,low,low
241,39.11346947,103830.7475,698.9898308,West,Gold,2,False,-1.0,0.0,low,-1,True,0.010953723989796438,0.2612212291985206,medium,low
242,41.39350393,71106.33304,716.2204315,West,Silver,1,False,-1.0,0.0,low,1,False,-0.014026065078186878,0.17216488553951348,low,low
243,41.18024633,52997.15471,718.2806091,West,Basic,11,False,-0.7350719306467005,0.2649280693532995,low,1,False,-0.009932667169568865,0.1867584055204401,low,low
244,47.11488679,77639.05716,675.1384728,West,Silver,1,False,-1.0,0.0,low,1,False,-0.02194534991205377,0.1439315585975198,low,low
245,43.27705261,65535.08451,754.0512476,East,Silver,6,False,-0.8959987395822087,0.10400126041779134,low,1,False,-0.0033999369904035848,0.21004847663689244,low,low
246,69.67988206,106271.7358,620.1598276,West,Gold,2,False,-0.7648538485418283,0.23514615145817175,low,-1,True,0.08297953128481672,0.5180030230449725,medium,low
247,33.48647055,51551.63281,718.5752099,North,Gold,10,False,-1.0,0.0,low,-1,True,0.015579367504974906,0.2777122771177274,medium,low
248,41.976788,105046.7277,593.845689,West,Silver,1,False,-0.5280942298897688,0.47190577011023116,low,-1,True,0.052602782821698946,0.40970578550576725,medium,low
249,50.20969567,107898.6933,724.8993324,North,Basic,13,False,-1.0,0.0,low,1,False,-0.02590359170615797,0.1298198885373031,low,low
250,29.55467691,47830.66655,605.9400149,North,Gold,10,False,-1.0,0.0,low,-1,True,0.03817185010882285,0.3582575487132035,medium,low
251,68.64028784,104546.6099,691.6545783,East,Silver,6,False,-0.6201339159796059,0.3798660840203941,low,1,False,-0.01842868964033595,0.15646893050397376,low,low
252,46.05393328,69348.15695,767.7128186,North,Silver,3,False,-0.9406095068318518,0.05939049316814815,low,-1,True,0.03568142130931817,0.3493788315061297,medium,low
253,43.64576195,88632.53738,686.9838986,South,Basic,4,False,-1.0,0.0,low,1,False,-0.03362380228213718,0.10229628838587028,low,low
254,31.71798143,85272.06358,664.1204765,West,Silver,1,False,-0.6783685317351241,0.3216314682648759,low,-1,True,0.014675287292267303,0.27448910826313555,medium,low
255,30.65311489,44545.1168,681.2520724,South,Basic,4,False,-1.0,0.0,low,1,False,-0.020655351301732572,0.14853057899948355,low,low
256,31.54580426,41980.54809,675.5645266,North,Silver,3,False,-1.0,0.0,low,-1,True,0.017160270148232848,0.28334840994119714,medium,low
257,56.41247108,120229.8031,615.2545493,North,Silver,3,False,-0.7048592314559387,0.29514076854406135,low,-1,True,0.05539380549880135,0.419656160747754,medium,low
258,48.7903114,81554.40531,717.3968761,East,Basic,8,False,-1.0,0.0,low,1,False,-0.05898746257030424,0.011871391645312063,low,low
259,56.8629933,112392.6587,640.5236925,South,Silver,0,False,-1.0,0.0,low,-1,True,0.011757492173744222,0.26408677203465186,medium,low
260,49.80350634,127246.459,727.1389246,South,Gold,5,False,-1.0,0.0,low,-1,True,0.047100213342502695,0.390088377319765,medium,low
261,32.52649687,43431.86151,640.2900369,South,Basic,4,False,-1.0,0.0,low,1,False,-0.020499861050813084,0.1490849228806038,low,low
262,48.56177965,97086.26315,688.582288,South,Basic,4,False,-1.0,0.0,low,1,False,-0.034061111754430495,0.10073722067141114,low,low
263,62.94722195,110868.5127,713.8250352,North,Silver,3,False,-0.7279810934908932,0.27201890650910676,low,-1,True,0.027712877868723673,0.3209698909351755,medium,low
264,31.64874924,43957.0585,586.4700617,South,Gold,5,False,-1.0,0.0,low,-1,True,0.04283241549916761,0.37487309786448886,medium,low
265,45.2507388,84185.45533,696.3478575,West,Silver,1,False,-1.0,0.0,low,1,False,-0.03140636944058445,0.11020173789309591,low,low
266,65.81526538,103310.7337,643.2494813,South,Basic,4,False,-1.0,0.0,low,-1,True,0.022495737603296706,0.30237007669612687,medium,low
267,51.18621257,82012.47366,750.9497171,East,Basic,8,False,-1.0,0.0,low,1,False,-0.038585291772494146,0.08460790391187545,low,low
268,33.95266722,94396.69187,711.2680425,East,Basic,8,False,-1.0,0.0,low,1,False,-0.036256883693248865,0.09290899522691182,low,low
269,27.89866839,51158.22798,723.5117757,North,Basic,14,False,-0.9016011602430056,0.09839883975699437,low,1,False,-0.0021549558212022313,0.21448700374181082,low,low
270,48.43543756,83207.85767,719.46488,West,Silver,1,False,-1.0,0.0,low,1,False,-0.026829220786399377,0.12651989504070452,low,low
271,36.09659442,45699.35964,575.8477651,East,Gold,9,False,-1.0,0.0,low,-1,True,0.03168117334572906,0.33511740374158394,medium,low
272,32.48062711,41814.87749,605.1215045,East,Basic,8,False,-0.8775484603691147,0.12245153963088529,low,1,False,-0.01581341299194461,0.1657927472635409,low,low
273,41.29973493,50214.23598,636.3153191,South,Silver,0,False,-1.0,0.0,low,-1,True,0.011215928505355355,0.2621560239393011,medium,low
274,51.74125268,94876.02669,699.686233,North,Basic,13,False,-1.0,0.0,low,1,False,-0.040894060478809224,0.07637682963101661,low,low
275,45.14068533,69740.54616,654.5751916,North,Silver,3,False,-0.8618425547908828,0.1381574452091172,low,-1,True,0.006978587266363023,0.24704932641863028,low,low
276,58.90023572,105115.4343,651.7165234,West,Gold,2,False,-1.0,0.0,low,-1,True,0.004931183549617413,0.2397500538542785,low,low
277,34.47176152,47493.01569,613.0582137,South,Silver,0,False,-1.0,0.0,low,-1,True,0.016407945948348712,0.280666271901299,medium,low
278,54.86695332,103598.6212,647.3638872,West,Basic,11,False,-0.5340836810294155,0.4659163189705845,low,1,False,-0.007478814739333095,0.19550672299905558,low,low
279,41.1418154,76013.83946,749.3272642,East,Silver,6,False,-0.989550844350711,0.010449155649289055,low,1,False,-0.016180682044503514,0.16448338316639066,low,low
280,55.37397249,101497.6605,732.4804916,North,Silver,3,False,-0.7311229105475435,0.2688770894524565,low,-1,True,0.017105764641520804,0.2831540904005539,medium,low
281,41.58768063,78732.34277,708.6805932,North,Basic,13,False,-0.7063652385496448,0.29363476145035516,low,1,False,-0.0400379121440802,0.07942911482498721,low,low
282,51.22023564,103743.0665,725.7836986,North,Gold,10,False,-1.0,0.0,low,1,False,-0.0022196347154054274,0.21425641469184054,low,low
283,44.2115397,87640.24973,707.0040743,East,Gold,9,False,-1.0,0.0,low,1,False,-0.0363164421658283,0.09269666117607556,low,low
284,23.15070141,49386.92631,639.6673467,North,Gold,10,False,-1.0,0.0,low,-1,True,0.03688513534809568,0.3536702356814331,medium,low
285,35.29038594,92035.88025,695.3572988,East,Silver,6,False,-0.8504684407589108,0.14953155924108918,low,1,False,-0.025900905578844724,0.12982946494631398,low,low
286,26.50497141,66337.99555,717.5642273,South,Basic,4,False,-1.0,0.0,low,-1,True,0.02281976062107216,0.3035252628006174,medium,low
287,29.77306985,36295.92781,633.7908858,North,Basic,14,False,-1.0,0.0,low,-1,True,0.003354189878029712,0.23412785704617983,low,low
288,35.4120338,40155.61391,567.8945797,East,Gold,9,False,-1.0,0.0,low,-1,True,0.03981846943622125,0.36412797044884204,medium,low
289,32.84030944,40482.97682,581.6664319,South,Basic,4,False,-1.0,0.0,low,-1,True,0.022558705580154714,0.3025945660931877,medium,low
290,45.57426582,77839.642,739.0961617,North,Basic,13,False,-0.8347470613159524,0.16525293868404756,low,1,False,-0.030206779827592734,0.11447843792981845,low,low
291,28.04806759,39924.46418,675.4845133,North,Gold,10,False,-1.0,0.0,low,-1,True,0.011842397118349668,0.26438946970373756,medium,low
292,52.40379956,111618.1131,701.3104505,West,Silver,1,False,-0.7553205805417201,0.24467941945827987,low,-1,True,0.002330904791807975,0.2304797066133765,low,low
293,54.04173515,117827.4398,713.905837,West,Basic,11,False,-0.5375326453934577,0.4624673546065423,low,1,False,-0.01893670054272306,0.15465780258041995,low,low
294,48.73577607,78637.41412,719.2466436,East,Silver,6,False,-1.0,0.0,low,1,False,-0.04250815950512893,0.07062234718937599,low,low
295,47.29700079,110336.4331,752.8356149,South,Silver,0,False,-1.0,0.0,low,-1,True,0.027219068718544293,0.3192093941887597,medium,low
296,59.82649529,98549.21953,708.9625452,West,Gold,2,False,-1.0,0.0,low,1,False,-0.012123062384268635,0.17894934882830943,low,low
297,46.13190136,91640.93124,699.2523632,East,Basic,8,False,-1.0,0.0,low,1,False,-0.06231731923249523,0.0,low,low
298,49.36667495,87228.8562,671.5247531,East,Silver,6,False,-0.9735851168673755,0.026414883132624523,low,1,False,-0.042504512955323315,0.07063534763512733,low,low
299,41.58147105,67467.88355,712.7135377,North,Gold,10,False,-1.0,0.0,low,1,False,-0.005187808376379777,0.20367447211130277,low,low
300,66.10279273,97826.80747,646.4446466,East,Basic,8,False,-0.6614548179355814,0.33854518206441864,low,1,False,-0.0036500716412714573,0.20915671260445445,low,low
301,47.42084042,95332.23529,698.7383391,North,Basic,13,False,-0.9171245218681854,0.08287547813181462,low,1,False,-0.04619058608845472,0.057493995848569374,low,low
302,47.46809142,99960.22008,746.5402704,South,Gold,5,False,-1.0,0.0,low,1,False,-0.00013585567273333155,0.22168537023780605,low,low
303,83.50881751,247400.935,521.4498813,East,Gold,9,False,-0.20595208608909304,0.7940479139109069,low,-1,True,0.14034332357562462,0.7225127403180385,medium,low
304,52.07132727,111357.0746,718.6189943,South,Basic,4,False,-1.0,0.0,low,1,False,-0.01734505394439978,0.1603322390641789,low,low
305,56.98069102,125187.9719,728.1175381,North,Basic,13,False,-0.48190772409936106,0.518092275900639,low,-1,True,0.02611503716732244,0.31527337163194724,medium,low
306,49.16560073,107733.0206,690.4141735,West,Gold,2,False,-1.0,0.0,low,1,False,-0.022624191766531965,0.1415113951078283,low,low
307,34.31510969,84167.97096,678.8176319,South,Gold,5,False,-1.0,0.0,low,-1,True,0.01326098191397207,0.2694469173356839,medium,low
308,50.96960226,76120.1796,697.4946559,East,Basic,8,False,-0.9509129267445815,0.0490870732554185,low,1,False,-0.054130162911742996,0.029188325205893595,low,low
309,31.41818212,41298.46831,635.5087109,West,Basic,12,False,-1.0,0.0,low,-1,True,0.0005007973649644448,0.22395512486073174,low,low
310,52.82900898,74723.58172,726.3938398,North,Gold,10,False,-1.0,0.0,low,-1,True,0.0064496472092228085,0.24516358321337364,low,low
311,42.98887475,86696.11912,722.7698977,East,Silver,6,False,-1.0,0.0,low,1,False,-0.043926911253211076,0.06556430434921595,low,low
312,55.23809358,114211.1867,688.2367775,West,Gold,2,False,-1.0,0.0,low,1,False,-0.010699807567077224,0.1840234457219694,low,low
313,54.47768713,112318.572,721.67643,East,Gold,9,False,-1.0,0.0,low,1,False,-0.02525509993378916,0.13213184985863136,low,low
314,26.92760418,62166.40314,625.5963982,East,Silver,7,False,-1.0,0.0,low,-1,True,0.005739672315796862,0.24263242620775877,low,low
315,34.90278492,39424.05711,666.4718732,North,Basic,14,False,-1.0,0.0,low,1,False,-0.011392892980479352,0.18155250200851364,low,low
316,32.03758141,40266.46183,650.0826229,North,Basic,14,False,-1.0,0.0,low,1,False,-0.013485724856516945,0.17409127188100176,low,low
317,25.88269958,43313.35252,588.5559082,South,Gold,5,False,-1.0,0.0,low,-1,True,0.060853015888654105,0.43911898788622195,medium,low
318,29.33606232,33600.83208,701.0144694,North,Basic,14,False,-1.0,0.0,low,-1,True,0.009762264548050403,0.256973514327465,medium,low
319,48.73609494,75867.04658,715.4304071,East,Silver,6,False,-1.0,0.0,low,1,False,-0.03919624802136651,0.08242976183420947,low,low
320,31.95772847,36341.27006,669.4534079,North,Gold,10,False,-1.0,0.0,low,-1,True,0.02057227333356848,0.2955126651081207,medium,low
321,58.14501209,110332.6988,725.7329252,South,Basic,4,False,-1.0,0.0,low,1,False,-0.002192992405152916,0.21435139814951748,low,low
322,26.38057657,48627.7877,687.440468,South,Basic,4,False,-1.0,0.0,low,1,False,-0.008564339216230066,0.19163668067797343,low,low
323,22.21856177,49552.3512,698.2512878,West,Silver,1,False,-0.4261244127563838,0.5738755872436162,low,-1,True,0.04985142840283452,0.3998968329967099,medium,low
324,57.13596107,105961.0455,665.1633765,South,Basic,4,False,-1.0,0.0,low,1,False,-0.022442902382431407,0.1421577164057484,low,low
325,55.75788448,118742.4447,624.0770581,South,Basic,4,False,-1.0,0.0,low,-1,True,0.017790263281157515,0.2855944210982915,medium,low
326,28.35293124,50044.39945,642.8005439,West,Basic,12,False,-1.0,0.0,low,1,False,-0.0006362530035555203,0.21990138573183327,low,low
327,60.15682711,114545.0363,674.6425599,North,Silver,3,False,-0.7311229105475435,0.2688770894524565,low,-1,True,0.022207343144925007,0.3013419112490846,medium,low
328,37.30185886,45375.4582,629.3583,East,Gold,9,False,-1.0,0.0,low,1,False,-0.016538132355861823,0.16320902421633268,low,low
329,54.08547767,108058.3869,627.8373107,South,Gold,5,False,-1.0,0.0,low,-1,True,0.005298592838780203,0.24105991791398468,low,low
330,37.28089766,82400.84826,773.3633845,East,Gold,9,False,-1.0,0.0,low,-1,True,0.01670768698394065,0.2817348894385302,medium,low
331,59.14875798,133518.673,743.2251893,South,Silver,0,False,-0.9552218853978405,0.044778114602159524,low,-1,True,0.06373693239108247,0.44940054224303283,medium,low
332,83.10005129,244204.7232,520.2627582,West,Basic,-1,True,-0.0,1.0,high,-1,True,0.160611914117043,0.7947730208123116,high,high
333,36.40977531,83905.18502,724.8618526,North,Silver,3,False,-1.0,0.0,low,-1,True,0.006770306248536029,0.2463067762773634,low,low
334,55.9839582,108309.5794,714.6483405,West,Basic,11,False,-0.5375326453934577,0.4624673546065423,low,1,False,-0.02776051867144058,0.12319969148440477,low,low
335,78.83115701,253934.7355,476.5276499,South,Gold,5,False,-0.16571354075930667,0.8342864592406933,low,-1,True,0.17408798728146824,0.8428170535156616,high,low
336,59.36909094,117575.7793,654.5941066,South,Gold,5,False,-1.0,0.0,low,-1,True,0.012010509794260993,0.2649888142457851,medium,low
337,46.32527074,96837.39356,589.3408625,East,Silver,6,False,-0.533647583897073,0.466352416102927,low,-1,True,0.015888042855112472,0.2788127467008012,medium,low
338,39.30027836,36016.35815,669.053508,South,Silver,0,False,-1.0,0.0,low,-1,True,0.03220149755832402,0.3369724302898405,medium,low
339,30.07244472,34238.10755,642.2457473,South,Gold,5,False,-1.0,0.0,low,-1,True,0.027424720820676374,0.3199425718882122,medium,low
340,40.51566365,72956.75396,730.7715359,West,Basic,11,False,-1.0,0.0,low,1,False,-0.029926542195405248,0.11547752318271445,low,low
341,48.94812523,88399.19292,741.2829016,West,Basic,11,False,-0.8374353186202038,0.16256468137979618,low,1,False,-0.026343782787487058,0.12825054749491943,low,low
342,78.98777282,244838.9902,510.803186,East,Gold,9,False,-0.22113241228366465,0.7788675877163354,low,-1,True,0.11917679043606821,0.6470511723994314,medium,low
343,41.00423807,78345.70892,670.5328682,East,Basic,8,False,-0.9489787639588695,0.05102123604113051,low,1,False,-0.05597797864193493,0.022600610944630728,low,low
344,46.78166826,91819.33054,726.1841272,East,Silver,6,False,-1.0,0.0,low,1,False,-0.044251529754083085,0.06440699526653909,low,low
345,25.29860443,44212.3461,688.4430585,West,Gold,2,False,-1.0,0.0,low,-1,True,0.04372874661213033,0.37806864012511504,medium,low
346,23.78241243,41910.43666,639.0646878,North,Silver,3,False,-0.6796424444984456,0.3203575555015544,low,-1,True,0.04950274300640467,0.398653722159832,medium,low
347,56.68156304,107647.816,786.3520893,West,Gold,2,False,-1.0,0.0,low,-1,True,0.03844873982111208,0.3592446981765622,medium,low
348,48.34893602,77347.77293,769.139983,West,Gold,2,False,-1.0,0.0,low,-1,True,0.020110640037562688,0.29386687965566366,medium,low
349,53.1051644,104621.912,657.0539248,East,Silver,6,False,-0.673707643459242,0.32629235654075806,low,1,False,-0.03605097788885592,0.09364307740941133,low,low
350,38.49768648,42699.46126,614.4057256,East,Gold,9,False,-1.0,0.0,low,-1,True,0.0023876011797679952,0.23068183694348657,low,low
351,55.23120118,122590.4607,725.6681028,South,Silver,0,False,-1.0,0.0,low,-1,True,0.01710649709890577,0.283156701710698,medium,low
352,51.43010616,88137.06756,711.9437649,West,Silver,1,False,-0.9088452277542661,0.09115477224573387,low,1,False,-0.019132200222270468,0.15396081964755304,low,low
353,48.24871588,95732.34535,647.188984,South,Basic,4,False,-1.0,0.0,low,1,False,-0.025648181973068174,0.1307304589549314,low,low
354,52.77945637,73380.06942,701.05588,South,Basic,4,False,-1.0,0.0,low,1,False,-0.017500410163572067,0.15977837302445702,low,low
355,49.27034215,104161.1388,733.9523117,South,Silver,0,False,-1.0,0.0,low,1,False,-0.0015583167066950954,0.2166141032892628,low,low
356,61.20116134,127552.0403,756.2524415,East,Basic,8,False,-0.6490011544496607,0.35099884555033933,low,-1,True,0.015183372037006926,0.27630049944471385,medium,low
357,53.09611165,108956.2595,680.5322834,North,Basic,13,False,-1.0,0.0,low,1,False,-0.022719272044350536,0.14117242099265226,low,low
358,49.88171888,103473.4034,635.9990459,East,Gold,9,False,-1.0,0.0,low,1,False,-0.015538017700489015,0.16677456891348336,low,low
359,47.62987984,89541.12994,622.1825333,West,Silver,1,False,-0.7426139027267246,0.25738609727327544,low,-1,True,0.010226879555255364,0.2586299299856665,medium,low
360,45.95614507,87090.18912,689.0234271,West,Silver,1,False,-1.0,0.0,low,1,False,-0.026920613895395074,0.12619406618359788,low,low
361,40.65680531,74231.21998,743.8650937,North,Gold,10,False,-1.0,0.0,low,-1,True,0.012126318916711454,0.26540168950985266,medium,low
362,59.77845682,93940.02876,636.0630282,North,Silver,3,False,-0.7311229105475435,0.2688770894524565,low,-1,True,0.03376364419084976,0.34254169538544865,medium,low
363,30.042128,55077.11645,625.8995754,South,Basic,4,False,-1.0,0.0,low,1,False,-0.012028893566607635,0.17928507346412428,low,low
364,34.06960718,34407.35599,665.0823343,East,Gold,9,False,-1.0,0.0,low,-1,True,0.0036627843102143842,0.235228038145752,low,low
365,53.59496523,105673.5565,736.2309971,South,Gold,5,False,-1.0,0.0,low,1,False,-0.0031805494743568086,0.21083062295407648,low,low
366,38.842754,72050.95355,703.705989,South,Basic,4,False,-1.0,0.0,low,1,False,-0.021387503298177568,0.14592035760695768,low,low
367,46.37687856,74106.8732,692.4688067,North,Silver,3,False,-0.9406095068318518,0.05939049316814815,low,1,False,-0.002214213259180031,0.21427574292025062,low,low
368,86.89836382,249174.8405,455.7934615,West,Silver,1,False,-0.07169388391315518,0.9283061160868449,low,-1,True,0.21817689422443554,1.0,high,low
369,28.15590766,33561.78073,646.0155747,East,Silver,7,False,-0.9895565647429853,0.010443435257014744,low,-1,True,0.0055413887926794025,0.2419255184941424,low,low
370,60.0648683,84276.09062,751.3114588,West,Gold,2,False,-1.0,0.0,low,-1,True,0.02619894879322804,0.31557252798484103,medium,low
371,28.50085973,47852.75733,627.0690299,South,Gold,5,False,-1.0,0.0,low,-1,True,0.005531969139991877,0.24189193615184937,low,low
372,26.18987666,46825.84302,675.5300984,West,Gold,2,False,-1.0,0.0,low,-1,True,0.023232770086391352,0.3049976976869885,medium,low
373,54.10504388,108552.8842,658.9320991,South,Silver,0,False,-1.0,0.0,low,1,False,-0.004258464107002369,0.20698771076219602,low,low
374,44.55256792,101098.3236,676.5215942,South,Silver,0,False,-1.0,0.0,low,1,False,-0.011164865058045037,0.1823654525490043,low,low
375,29.64772437,53357.5639,600.0114572,East,Silver,7,False,-1.0,0.0,low,1,False,-0.0049269023372828236,0.2046046376069878,low,low
